"","x_1","x_2","x_3","x_4","x_5","x_6","x_7","x_8","x_9","x_10","x_11","x_12","x_13","x_14","x_15","x_16","x_17","x_18","x_19","x_20","x_21","x_22","x_23","x_24","x_25","x_26","x_27","x_28","x_29","x_30","A","B","mk_pvalue","S","Class"
"1",1,1,1,3,1,1,1,1,2,1,1,3,1,1,1,1,1,1,1,1,1,1,1,1,1,1,1,1,1,2,-0.00978865406006676,1.35172413793104,0.648279259241851,-16,"None"
"2",1,1,3,1,1,1,1,2,1,1,3,1,1,1,1,1,1,1,1,1,1,1,1,1,1,1,1,1,2,1,-0.0124582869855395,1.39310344827586,0.484279537134183,-24,"None"
"3",1,3,1,1,1,1,2,1,1,3,1,1,1,1,1,1,1,1,1,1,1,1,1,1,1,1,1,2,1,1,-0.0151279199110122,1.43448275862069,0.345825054016346,-32,"None"
"4",3,1,1,1,1,2,1,1,3,1,1,1,1,1,1,1,1,1,1,1,1,1,1,1,1,1,2,1,1,1,-0.017797552836485,1.47586206896552,0.235622167317779,-40,"None"
"5",1,1,1,1,2,1,1,3,1,1,1,1,1,1,1,1,1,1,1,1,1,1,1,1,1,2,1,1,1,1,-0.00667408231368189,1.2367816091954,0.628995082802544,-15,"None"
"6",1,1,1,2,1,1,3,1,1,1,1,1,1,1,1,1,1,1,1,1,1,1,1,1,2,1,1,1,1,1,-0.00845383759733039,1.26436781609196,0.49006684018532,-21,"None"
"7",1,1,2,1,1,3,1,1,1,1,1,1,1,1,1,1,1,1,1,1,1,1,1,2,1,1,1,1,1,1,-0.0102335928809789,1.29195402298851,0.369578449197188,-27,"None"
"8",1,2,1,1,3,1,1,1,1,1,1,1,1,1,1,1,1,1,1,1,1,1,2,1,1,1,1,1,1,1,-0.0120133481646274,1.31954022988506,0.26945260311324,-33,"None"
"9",2,1,1,3,1,1,1,1,1,1,1,1,1,1,1,1,1,1,1,1,1,2,1,1,1,1,1,1,1,8,0.0313681868743048,0.880459770114943,0.855286655002042,-7,"None"
"10",1,1,3,1,1,1,1,1,1,1,1,1,1,1,1,1,1,1,1,1,2,1,1,1,1,1,1,1,8,7,0.0720800889877641,0.41609195402299,0.191405083405269,44,"None"
"11",1,3,1,1,1,1,1,1,1,1,1,1,1,1,1,1,1,1,1,2,1,1,1,1,1,1,1,8,7,23,0.206896551724138,-0.940229885057469,0.060112880220829,69,"None"
"12",3,1,1,1,1,1,1,1,1,1,1,1,1,1,1,1,1,1,2,1,1,1,1,1,1,1,8,7,23,19,0.306117908787542,-1.87816091954023,0.0208195658674923,91,"Positive"
"13",1,1,1,1,1,1,1,1,1,1,1,1,1,1,1,1,1,2,1,1,1,1,1,1,1,8,7,23,19,33,0.501446051167964,-3.90574712643678,0.000324063727387626,141,"Positive"
"14",1,1,1,1,1,1,1,1,1,1,1,1,1,1,1,1,2,1,1,1,1,1,1,1,8,7,23,19,33,77,0.953503893214683,-8.37931034482758,8.01131198988025e-05,164,"Positive"
"15",1,1,1,1,1,1,1,1,1,1,1,1,1,1,1,2,1,1,1,1,1,1,1,8,7,23,19,33,77,53,1.21690767519466,-10.7287356321839,2.48566381092119e-05,184,"Positive"
"16",1,1,1,1,1,1,1,1,1,1,1,1,1,1,2,1,1,1,1,1,1,1,8,7,23,19,33,77,53,166,2.18620689655172,-20.2528735632184,6.44889680172517e-06,205,"Positive"
"17",1,1,1,1,1,1,1,1,1,1,1,1,1,2,1,1,1,1,1,1,1,8,7,23,19,33,77,53,166,116,2.759510567297,-25.3057471264368,2.11571015376775e-06,223,"Positive"
"18",1,1,1,1,1,1,1,1,1,1,1,1,2,1,1,1,1,1,1,1,8,7,23,19,33,77,53,166,116,75,3.01713014460512,-26.832183908046,1.09348599565735e-06,236,"Positive"
"19",1,1,1,1,1,1,1,1,1,1,1,2,1,1,1,1,1,1,1,8,7,23,19,33,77,53,166,116,75,188,3.97085650723026,-35.3816091954023,3.10525153349164e-07,254,"Positive"
"20",1,1,1,1,1,1,1,1,1,1,2,1,1,1,1,1,1,1,8,7,23,19,33,77,53,166,116,75,188,365,5.98331479421579,-54.4413793103448,9.07409999999367e-08,271,"Positive"
"21",1,1,1,1,1,1,1,1,1,2,1,1,1,1,1,1,1,8,7,23,19,33,77,53,166,116,75,188,365,439,8.31123470522803,-75.9241379310344,2.73661203840945e-08,287,"Positive"
"22",1,1,1,1,1,1,1,1,2,1,1,1,1,1,1,1,8,7,23,19,33,77,53,166,116,75,188,365,439,633,11.6958843159066,-107.319540229885,8.54609706798132e-09,302,"Positive"
"23",1,1,1,1,1,1,1,2,1,1,1,1,1,1,1,8,7,23,19,33,77,53,166,116,75,188,365,439,633,759,15.6122358175751,-142.75632183908,2.77379119781675e-09,316,"Positive"
"24",1,1,1,1,1,1,2,1,1,1,1,1,1,1,8,7,23,19,33,77,53,166,116,75,188,365,439,633,759,234,15.8042269187987,-137.965517241379,2.37097032711797e-09,321,"Positive"
"25",1,1,1,1,1,2,1,1,1,1,1,1,1,8,7,23,19,33,77,53,166,116,75,188,365,439,633,759,234,1467,23.8473859844271,-213.767816091954,8.5433310696383e-10,333,"Positive"
"26",1,1,1,1,2,1,1,1,1,1,1,1,8,7,23,19,33,77,53,166,116,75,188,365,439,633,759,234,1467,1833,33.5995550611791,-303.859770114942,3.24095364743229e-10,344,"Positive"
"27",1,1,1,2,1,1,1,1,1,1,1,8,7,23,19,33,77,53,166,116,75,188,365,439,633,759,234,1467,1833,2657,47.8527252502781,-436.250574712643,1.30112082525217e-10,354,"Positive"
"28",1,1,2,1,1,1,1,1,1,1,8,7,23,19,33,77,53,166,116,75,188,365,439,633,759,234,1467,1833,2657,4494,72.7757508342603,-672.790804597701,5.55873794693784e-11,363,"Positive"
"29",1,2,1,1,1,1,1,1,1,8,7,23,19,33,77,53,166,116,75,188,365,439,633,759,234,1467,1833,2657,4494,6367,107.783537263626,-1003.21149425287,2.54223506874637e-11,371,"Positive"
"30",2,1,1,1,1,1,1,1,8,7,23,19,33,77,53,166,116,75,188,365,439,633,759,234,1467,1833,2657,4494,6367,5995,137.558843159066,-1264.92873563218,1.60473816775721e-11,376,"Positive"
"31",1,1,1,1,1,1,1,8,7,23,19,33,77,53,166,116,75,188,365,439,633,759,234,1467,1833,2657,4494,6367,5995,8873,183.241824249166,-1677.31494252873,2.75566562203903e-12,390,"Positive"
"32",1,1,1,1,1,1,8,7,23,19,33,77,53,166,116,75,188,365,439,633,759,234,1467,1833,2657,4494,6367,5995,8873,11238,240.228921023359,-2186.04827586207,1.4498725659829e-12,396,"Positive"
"33",1,1,1,1,1,8,7,23,19,33,77,53,166,116,75,188,365,439,633,759,234,1467,1833,2657,4494,6367,5995,8873,11238,10619,288.222691879866,-2576.0183908046,1.08208978274088e-12,399,"Positive"
"34",1,1,1,1,8,7,23,19,33,77,53,166,116,75,188,365,439,633,759,234,1467,1833,2657,4494,6367,5995,8873,11238,10619,12082,340.930812013348,-2990.29425287356,6.86951410953885e-13,403,"Positive"
"35",1,1,1,8,7,23,19,33,77,53,166,116,75,188,365,439,633,759,234,1467,1833,2657,4494,6367,5995,8873,11238,10619,12082,17856,425.515239154616,-3706.18620689655,4.83571269719507e-13,406,"Positive"
"36",1,1,8,7,23,19,33,77,53,166,116,75,188,365,439,633,759,234,1467,1833,2657,4494,6367,5995,8873,11238,10619,12082,17856,18690,507.535928809789,-4354.54022988506,3.80125483565228e-13,408,"Positive"
"37",1,8,7,23,19,33,77,53,166,116,75,188,365,439,633,759,234,1467,1833,2657,4494,6367,5995,8873,11238,10619,12082,17856,18690,19630,587.305672969967,-4936.67126436781,3.35953286299439e-13,409,"Positive"
"38",8,7,23,19,33,77,53,166,116,75,188,365,439,633,759,234,1467,1833,2657,4494,6367,5995,8873,11238,10619,12082,17856,18690,19630,18899,653.625583982202,-5334.69655172413,4.37384839277703e-13,407,"Positive"
"39",7,23,19,33,77,53,166,116,75,188,365,439,633,759,234,1467,1833,2657,4494,6367,5995,8873,11238,10619,12082,17856,18690,19630,18899,22075,732.075639599555,-5815.10574712643,3.35953286299439e-13,409,"Positive"
"40",23,19,33,77,53,166,116,75,188,365,439,633,759,234,1467,1833,2657,4494,6367,5995,8873,11238,10619,12082,17856,18690,19630,18899,22075,26314,828.04872080089,-6425.78850574712,3.35953286299439e-13,409,"Positive"
"41",19,33,77,53,166,116,75,188,365,439,633,759,234,1467,1833,2657,4494,6367,5995,8873,11238,10619,12082,17856,18690,19630,18899,22075,26314,32243,950.678754171301,-7252.5540229885,2.5772142531371e-13,411,"Positive"
"42",33,77,53,166,116,75,188,365,439,633,759,234,1467,1833,2657,4494,6367,5995,8873,11238,10619,12082,17856,18690,19630,18899,22075,26314,32243,32235,1058.8936596218,-7856.01839080459,3.35953286299439e-13,409,"Positive"
"43",77,53,166,116,75,188,365,439,633,759,234,1467,1833,2657,4494,6367,5995,8873,11238,10619,12082,17856,18690,19630,18899,22075,26314,32243,32235,32287,1153.2064516129,-8242.73333333333,3.35953286299439e-13,409,"Positive"
"44",53,166,116,75,188,365,439,633,759,234,1467,1833,2657,4494,6367,5995,8873,11238,10619,12082,17856,18690,19630,18899,22075,26314,32243,32235,32287,32416,1234.30389321468,-8421.77701149425,1.974597281642e-13,413,"Positive"
"45",166,116,75,188,365,439,633,759,234,1467,1833,2657,4494,6367,5995,8873,11238,10619,12082,17856,18690,19630,18899,22075,26314,32243,32235,32287,32416,29877,1284.46629588432,-8205.16091954023,5.68728645891262e-13,405,"Positive"
"46",116,75,188,365,439,633,759,234,1467,1833,2657,4494,6367,5995,8873,11238,10619,12082,17856,18690,19630,18899,22075,26314,32243,32235,32287,32416,29877,31381,1331.84137931035,-7898.97471264368,9.57983084864103e-13,401,"Positive"
"47",75,188,365,439,633,759,234,1467,1833,2657,4494,6367,5995,8873,11238,10619,12082,17856,18690,19630,18899,22075,26314,32243,32235,32287,32416,29877,31381,30767,1361.02157953281,-7329.56781609195,2.67759997221261e-12,393,"Positive"
"48",188,365,439,633,759,234,1467,1833,2657,4494,6367,5995,8873,11238,10619,12082,17856,18690,19630,18899,22075,26314,32243,32235,32287,32416,29877,31381,30767,31192,1379.02313681869,-6571.35862068965,9.40843742296771e-12,383,"Positive"
"49",365,439,633,759,234,1467,1833,2657,4494,6367,5995,8873,11238,10619,12082,17856,18690,19630,18899,22075,26314,32243,32235,32287,32416,29877,31381,30767,31192,35941,1414.59755283648,-5930.99540229885,9.40843742296771e-12,383,"Positive"
"50",439,633,759,234,1467,1833,2657,4494,6367,5995,8873,11238,10619,12082,17856,18690,19630,18899,22075,26314,32243,32235,32287,32416,29877,31381,30767,31192,35941,34415,1425.63959955506,-4967.14712643678,9.40843742296771e-12,383,"Positive"
"51",633,759,234,1467,1833,2657,4494,6367,5995,8873,11238,10619,12082,17856,18690,19630,18899,22075,26314,32243,32235,32287,32416,29877,31381,30767,31192,35941,34415,29130,1387.94505005562,-3426.51494252873,8.3511678863885e-11,365,"Positive"
"52",759,234,1467,1833,2657,4494,6367,5995,8873,11238,10619,12082,17856,18690,19630,18899,22075,26314,32243,32235,32287,32416,29877,31381,30767,31192,35941,34415,29130,27255,1326.72591768632,-1590.2183908046,8.39280435114258e-10,345,"Positive"
"53",234,1467,1833,2657,4494,6367,5995,8873,11238,10619,12082,17856,18690,19630,18899,22075,26314,32243,32235,32287,32416,29877,31381,30767,31192,35941,34415,29130,27255,26930,1252.43381535039,433.675862068968,9.20231794228831e-09,323,"Positive"
"54",1467,1833,2657,4494,6367,5995,8873,11238,10619,12082,17856,18690,19630,18899,22075,26314,32243,32235,32287,32416,29877,31381,30767,31192,35941,34415,29130,27255,26930,28781,1174.81846496107,2588.28045977012,8.68387994023635e-08,301,"Positive"
"55",1833,2657,4494,6367,5995,8873,11238,10619,12082,17856,18690,19630,18899,22075,26314,32243,32235,32287,32416,29877,31381,30767,31192,35941,34415,29130,27255,26930,28781,25440,1071.45005561735,4989.5908045977,1.45675482722789e-06,271,"Positive"
"56",2657,4494,6367,5995,8873,11238,10619,12082,17856,18690,19630,18899,22075,26314,32243,32235,32287,32416,29877,31381,30767,31192,35941,34415,29130,27255,26930,28781,25440,30035,989.584427141268,7198.57471264369,6.92633282434722e-06,253,"Positive"
"57",4494,6367,5995,8873,11238,10619,12082,17856,18690,19630,18899,22075,26314,32243,32235,32287,32416,29877,31381,30767,31192,35941,34415,29130,27255,26930,28781,25440,30035,33030,920.175973303671,9286.83908045977,9.6632020878884e-06,249,"Positive"
"58",6367,5995,8873,11238,10619,12082,17856,18690,19630,18899,22075,26314,32243,32235,32287,32416,29877,31381,30767,31192,35941,34415,29130,27255,26930,28781,25440,30035,33030,27932,817.032035595106,11666.8367816092,8.67200752390347e-05,221,"Positive"
"59",5995,8873,11238,10619,12082,17856,18690,19630,18899,22075,26314,32243,32235,32287,32416,29877,31381,30767,31192,35941,34415,29130,27255,26930,28781,25440,30035,33030,27932,26096,704.53170189099,14068.2252873563,0.000905244363690124,187,"Positive"
"60",8873,11238,10619,12082,17856,18690,19630,18899,22075,26314,32243,32235,32287,32416,29877,31381,30767,31192,35941,34415,29130,27255,26930,28781,25440,30035,33030,27932,26096,29828,604.765072302558,16409.0413793103,0.00384939214395878,163,"Positive"
"61",11238,10619,12082,17856,18690,19630,18899,22075,26314,32243,32235,32287,32416,29877,31381,30767,31192,35941,34415,29130,27255,26930,28781,25440,30035,33030,27932,26096,29828,25917,489.010233592881,18771.3747126437,0.0295099933695599,123,"Positive"
"62",10619,12082,17856,18690,19630,18899,22075,26314,32243,32235,32287,32416,29877,31381,30767,31192,35941,34415,29130,27255,26930,28781,25440,30035,33030,27932,26096,29828,25917,28859,400.962847608454,20723.475862069,0.0867605711758845,97,"None"
"63",12082,17856,18690,19630,18899,22075,26314,32243,32235,32287,32416,29877,31381,30767,31192,35941,34415,29130,27255,26930,28781,25440,30035,33030,27932,26096,29828,25917,28859,33570,331.19977753059,22569.8367816092,0.100719626764514,93,"None"
"64",17856,18690,19630,18899,22075,26314,32243,32235,32287,32416,29877,31381,30767,31192,35941,34415,29130,27255,26930,28781,25440,30035,33030,27932,26096,29828,25917,28859,33570,32327,253.295216907675,24452.1908045977,0.143477081519571,83,"None"
"65",18690,19630,18899,22075,26314,32243,32235,32287,32416,29877,31381,30767,31192,35941,34415,29130,27255,26930,28781,25440,30035,33030,27932,26096,29828,25917,28859,33570,32327,30396,193.745494994438,25793.2114942529,0.300771759434779,59,"None"
"66",19630,18899,22075,26314,32243,32235,32287,32416,29877,31381,30767,31192,35941,34415,29130,27255,26930,28781,25440,30035,33030,27932,26096,29828,25917,28859,33570,32327,30396,26501,109.23893214683,27363.4298850575,0.802761791874143,15,"None"
"67",18899,22075,26314,32243,32235,32287,32416,29877,31381,30767,31192,35941,34415,29130,27255,26930,28781,25440,30035,33030,27932,26096,29828,25917,28859,33570,32327,30396,26501,23703,9.68809788654082,29042.2344827586,0.520693269833088,-37,"None"
"68",22075,26314,32243,32235,32287,32416,29877,31381,30767,31192,35941,34415,29130,27255,26930,28781,25440,30035,33030,27932,26096,29828,25917,28859,33570,32327,30396,26501,23703,24577,-91.0776418242489,30793.3701149425,0.108341426175579,-91,"None"
"69",26314,32243,32235,32287,32416,29877,31381,30767,31192,35941,34415,29130,27255,26930,28781,25440,30035,33030,27932,26096,29828,25917,28859,33570,32327,30396,26501,23703,24577,26438,-160.459844271412,32014.2275862069,0.015250283689703,-137,"Negative"
"70",32243,32235,32287,32416,29877,31381,30767,31192,35941,34415,29130,27255,26930,28781,25440,30035,33030,27932,26096,29828,25917,28859,33570,32327,30396,26501,23703,24577,26438,29220,-184.600444938821,32485.2735632184,0.00481910956115765,-159,"Negative"
"71",32235,32287,32416,29877,31381,30767,31192,35941,34415,29130,27255,26930,28781,25440,30035,33030,27932,26096,29828,25917,28859,33570,32327,30396,26501,23703,24577,26438,29220,34926,-132.331479421579,31764.5379310345,0.0384936049718148,-117,"Negative"
"72",32287,32416,29877,31381,30767,31192,35941,34415,29130,27255,26930,28781,25440,30035,33030,27932,26096,29828,25917,28859,33570,32327,30396,26501,23703,24577,26438,29220,34926,27350,-130.188876529477,31568.4942528736,0.041963944579416,-115,"Negative"
"73",32416,29877,31381,30767,31192,35941,34415,29130,27255,26930,28781,25440,30035,33030,27932,26096,29828,25917,28859,33570,32327,30396,26501,23703,24577,26438,29220,34926,27350,24297,-145.210901001112,31535.0022988506,0.024578108913373,-127,"Negative"
"74",29877,31381,30767,31192,35941,34415,29130,27255,26930,28781,25440,30035,33030,27932,26096,29828,25917,28859,33570,32327,30396,26501,23703,24577,26438,29220,34926,27350,24297,24085,-157.15595105673,31442.4505747126,0.0168163718749774,-135,"Negative"
"75",31381,30767,31192,35941,34415,29130,27255,26930,28781,25440,30035,33030,27932,26096,29828,25917,28859,33570,32327,30396,26501,23703,24577,26438,29220,34926,27350,24297,24085,24531,-180.027141268076,31618.7540229885,0.00744722722906271,-151,"Negative"
"76",30767,31192,35941,34415,29130,27255,26930,28781,25440,30035,33030,27932,26096,29828,25917,28859,33570,32327,30396,26501,23703,24577,26438,29220,34926,27350,24297,24085,24531,24559,-189.966629588432,31545.416091954,0.00600480708886842,-155,"Negative"
"77",31192,35941,34415,29130,27255,26930,28781,25440,30035,33030,27932,26096,29828,25917,28859,33570,32327,30396,26501,23703,24577,26438,29220,34926,27350,24297,24085,24531,24559,27412,-182.698776418243,31320.9310344828,0.0124986297192766,-141,"Negative"
"78",35941,34415,29130,27255,26930,28781,25440,30035,33030,27932,26096,29828,25917,28859,33570,32327,30396,26501,23703,24577,26438,29220,34926,27350,24297,24085,24531,24559,27412,26839,-174.703893214683,31051.9103448276,0.0203769316014971,-131,"Negative"
"79",34415,29130,27255,26930,28781,25440,30035,33030,27932,26096,29828,25917,28859,33570,32327,30396,26501,23703,24577,26438,29220,34926,27350,24297,24085,24531,24559,27412,26839,25136,-143.007563959956,30200.4505747127,0.0352702777040042,-119,"Negative"
"80",29130,27255,26930,28781,25440,30035,33030,27932,26096,29828,25917,28859,33570,32327,30396,26501,23703,24577,26438,29220,34926,27350,24297,24085,24531,24559,27412,26839,25136,18867,-157.472969966629,29906.3977011494,0.0322801899241516,-121,"Negative"
"81",27255,26930,28781,25440,30035,33030,27932,26096,29828,25917,28859,33570,32327,30396,26501,23703,24577,26438,29220,34926,27350,24297,24085,24531,24559,27412,26839,25136,18867,19271,-198.862291434928,30219.2988505747,0.0168163718749774,-135,"Negative"
"82",26930,28781,25440,30035,33030,27932,26096,29828,25917,28859,33570,32327,30396,26501,23703,24577,26438,29220,34926,27350,24297,24085,24531,24559,27412,26839,25136,18867,19271,22948,-225.073414905451,30482.0045977012,0.00538254760312636,-157,"Negative"
"83",28781,25440,30035,33030,27932,26096,29828,25917,28859,33570,32327,30396,26501,23703,24577,26438,29220,34926,27350,24297,24085,24531,24559,27412,26839,25136,18867,19271,22948,20408,-267.996662958843,30929.9149425287,0.0014947363150922,-179,"Negative"
"84",25440,30035,33030,27932,26096,29828,25917,28859,33570,32327,30396,26501,23703,24577,26438,29220,34926,27350,24297,24085,24531,24559,27412,26839,25136,18867,19271,22948,20408,26818,-253.89766407119,30645.9471264368,0.00343429212622282,-165,"Negative"
"85",30035,33030,27932,26096,29828,25917,28859,33570,32327,30396,26501,23703,24577,26438,29220,34926,27350,24297,24085,24531,24559,27412,26839,25136,18867,19271,22948,20408,26818,24747,-275.327919911012,30955.016091954,0.00132096562716169,-181,"Negative"
"86",33030,27932,26096,29828,25917,28859,33570,32327,30396,26501,23703,24577,26438,29220,34926,27350,24297,24085,24531,24559,27412,26839,25136,18867,19271,22948,20408,26818,24747,24159,-268.553726362625,30654.1494252873,0.0014947363150922,-179,"Negative"
"87",27932,26096,29828,25917,28859,33570,32327,30396,26501,23703,24577,26438,29220,34926,27350,24297,24085,24531,24559,27412,26839,25136,18867,19271,22948,20408,26818,24747,24159,18363,-275.903448275862,30279.1701149425,0.00116600673963702,-183,"Negative"
"88",26096,29828,25917,28859,33570,32327,30396,26501,23703,24577,26438,29220,34926,27350,24297,24085,24531,24559,27412,26839,25136,18867,19271,22948,20408,26818,24747,24159,18363,22390,-285.905228031146,30249.4643678161,0.000796196022753239,-189,"Negative"
"89",29828,25917,28859,33570,32327,30396,26501,23703,24577,26438,29220,34926,27350,24297,24085,24531,24559,27412,26839,25136,18867,19271,22948,20408,26818,24747,24159,18363,22390,21007,-315.025806451613,30531.2,0.000237614399449362,-207,"Negative"
"90",25917,28859,33570,32327,30396,26501,23703,24577,26438,29220,34926,27350,24297,24085,24531,24559,27412,26839,25136,18867,19271,22948,20408,26818,24747,24159,18363,22390,21007,22697,-305.240934371524,30141.8344827586,0.000313491870351214,-203,"Negative"
"91",28859,33570,32327,30396,26501,23703,24577,26438,29220,34926,27350,24297,24085,24531,24559,27412,26839,25136,18867,19271,22948,20408,26818,24747,24159,18363,22390,21007,22697,25766,-299.455617352614,30047.1287356322,0.000613718741722769,-193,"Negative"
"92",33570,32327,30396,26501,23703,24577,26438,29220,34926,27350,24297,24085,24531,24559,27412,26839,25136,18867,19271,22948,20408,26818,24747,24159,18363,22390,21007,22697,25766,23656,-286.926362625139,29679.491954023,0.000905244363690124,-187,"Negative"
"93",32327,30396,26501,23703,24577,26438,29220,34926,27350,24297,24085,24531,24559,27412,26839,25136,18867,19271,22948,20408,26818,24747,24159,18363,22390,21007,22697,25766,23656,21112,-256.005339265851,28784.9494252874,0.0014947363150922,-179,"Negative"
"94",30396,26501,23703,24577,26438,29220,34926,27350,24297,24085,24531,24559,27412,26839,25136,18867,19271,22948,20408,26818,24747,24159,18363,22390,21007,22697,25766,23656,21112,20067,-234.855617352614,28048.4620689655,0.00190704432582031,-175,"Negative"
"95",26501,23703,24577,26438,29220,34926,27350,24297,24085,24531,24559,27412,26839,25136,18867,19271,22948,20408,26818,24747,24159,18363,22390,21007,22697,25766,23656,21112,20067,18673,-230.561735261402,27591.1402298851,0.00190704432582031,-175,"Negative"
"96",23703,24577,26438,29220,34926,27350,24297,24085,24531,24559,27412,26839,25136,18867,19271,22948,20408,26818,24747,24159,18363,22390,21007,22697,25766,23656,21112,20067,18673,19650,-241.610678531702,27534.032183908,0.0014947363150922,-179,"Negative"
"97",24577,26438,29220,34926,27350,24297,24085,24531,24559,27412,26839,25136,18867,19271,22948,20408,26818,24747,24159,18363,22390,21007,22697,25766,23656,21112,20067,18673,19650,18549,-276.011123470523,27895.4390804598,0.000206495575911844,-209,"Negative"
"98",26438,29220,34926,27350,24297,24085,24531,24559,27412,26839,25136,18867,19271,22948,20408,26818,24747,24159,18363,22390,21007,22697,25766,23656,21112,20067,18673,19650,18549,22322,-277.748832035595,27847.2068965517,0.000206495575911844,-209,"Negative"
"99",29220,34926,27350,24297,24085,24531,24559,27412,26839,25136,18867,19271,22948,20408,26818,24747,24159,18363,22390,21007,22697,25766,23656,21112,20067,18673,19650,18549,22322,24473,-251.771301446051,27379.0551724138,0.00102799895958159,-185,"Negative"
"100",34926,27350,24297,24085,24531,24559,27412,26839,25136,18867,19271,22948,20408,26818,24747,24159,18363,22390,21007,22697,25766,23656,21112,20067,18673,19650,18549,22322,24473,23633,-211.152614015573,26563.232183908,0.00481910956115765,-159,"Negative"
"101",27350,24297,24085,24531,24559,27412,26839,25136,18867,19271,22948,20408,26818,24747,24159,18363,22390,21007,22697,25766,23656,21112,20067,18673,19650,18549,22322,24473,23633,18987,-158.670522803114,25218.4597701149,0.00744722722906271,-151,"Negative"
"102",24297,24085,24531,24559,27412,26839,25136,18867,19271,22948,20408,26818,24747,24159,18363,22390,21007,22697,25766,23656,21112,20067,18673,19650,18549,22322,24473,23633,18987,17435,-161.357730812013,24929.6114942529,0.00669115449396484,-153,"Negative"
"103",24085,24531,24559,27412,26839,25136,18867,19271,22948,20408,26818,24747,24159,18363,22390,21007,22697,25766,23656,21112,20067,18673,19650,18549,22322,24473,23633,18987,17435,21503,-154.443381535039,24729.3057471264,0.0091930445032644,-147,"Negative"
"104",24531,24559,27412,26839,25136,18867,19271,22948,20408,26818,24747,24159,18363,22390,21007,22697,25766,23656,21112,20067,18673,19650,18549,22322,24473,23633,18987,17435,21503,19845,-158.444716351502,24649.9931034483,0.00744722722906271,-151,"Negative"
"105",24559,27412,26839,25136,18867,19271,22948,20408,26818,24747,24159,18363,22390,21007,22697,25766,23656,21112,20067,18673,19650,18549,22322,24473,23633,18987,17435,21503,19845,21649,-145.844938820912,24358.6298850575,0.015250283689703,-137,"Negative"
"106",27412,26839,25136,18867,19271,22948,20408,26818,24747,24159,18363,22390,21007,22697,25766,23656,21112,20067,18673,19650,18549,22322,24473,23633,18987,17435,21503,19845,21649,25400,-107.569744160178,23793.3977011494,0.0803911475421804,-99,"None"
"107",26839,25136,18867,19271,22948,20408,26818,24747,24159,18363,22390,21007,22697,25766,23656,21112,20067,18673,19650,18549,22322,24473,23633,18987,17435,21503,19845,21649,25400,21160,-77.3477196885424,23116.5563218391,0.198948100775246,-73,"None"
"108",25136,18867,19271,22948,20408,26818,24747,24159,18363,22390,21007,22697,25766,23656,21112,20067,18673,19650,18549,22322,24473,23633,18987,17435,21503,19845,21649,25400,21160,17916,-69.2246941045602,22693.216091954,0.211711831941242,-71,"None"
"109",18867,19271,22948,20408,26818,24747,24159,18363,22390,21007,22697,25766,23656,21112,20067,18673,19650,18549,22322,24473,23633,18987,17435,21503,19845,21649,25400,21160,17916,17637,-70.6763070077862,22465.7494252873,0.186756137760826,-75,"None"
"110",19271,22948,20408,26818,24747,24159,18363,22390,21007,22697,25766,23656,21112,20067,18673,19650,18549,22322,24473,23633,18987,17435,21503,19845,21649,25400,21160,17916,17637,18384,-107.206451612903,23015.8666666667,0.0456954722167193,-113,"Negative"
"111",22948,20408,26818,24747,24159,18363,22390,21007,22697,25766,23656,21112,20067,18673,19650,18549,22322,24473,23633,18987,17435,21503,19845,21649,25400,21160,17916,17637,18384,21110,-123.148387096774,23324.2666666667,0.0223919929803152,-129,"Negative"
"112",20408,26818,24747,24159,18363,22390,21007,22697,25766,23656,21112,20067,18673,19650,18549,22322,24473,23633,18987,17435,21503,19845,21649,25400,21160,17916,17637,18384,21110,23133,-101.498331479421,22994.8574712644,0.0687917281714642,-103,"None"
"113",26818,24747,24159,18363,22390,21007,22697,25766,23656,21112,20067,18673,19650,18549,22322,24473,23633,18987,17435,21503,19845,21649,25400,21160,17916,17637,18384,21110,23133,24866,-86.2671857619574,22907.3747126437,0.124948816854971,-87,"None"
"114",24747,24159,18363,22390,21007,22697,25766,23656,21112,20067,18673,19650,18549,22322,24473,23633,18987,17435,21503,19845,21649,25400,21160,17916,17637,18384,21110,23133,24866,25208,-26.6062291434925,21928.9632183908,0.568058623631595,-33,"None"
"115",24159,18363,22390,21007,22697,25766,23656,21112,20067,18673,19650,18549,22322,24473,23633,18987,17435,21503,19845,21649,25400,21160,17916,17637,18384,21110,23133,24866,25208,18948,-20.8987764182425,21647.1977011494,0.642743176068421,-27,"None"
"116",18363,22390,21007,22697,25766,23656,21112,20067,18673,19650,18549,22322,24473,23633,18987,17435,21503,19845,21649,25400,21160,17916,17637,18384,21110,23133,24866,25208,18948,19819,-11.0469410456062,21349.8275862069,0.775294429517785,-17,"None"
"117",22390,21007,22697,25766,23656,21112,20067,18673,19650,18549,22322,24473,23633,18987,17435,21503,19845,21649,25400,21160,17916,17637,18384,21110,23133,24866,25208,18948,19819,23670,-14.3913236929922,21578.5655172414,0.721226098500163,-21,"None"
"118",21007,22697,25766,23656,21112,20067,18673,19650,18549,22322,24473,23633,18987,17435,21503,19845,21649,25400,21160,17916,17637,18384,21110,23133,24866,25208,18948,19819,23670,27064,29.5721913236931,21052.9310344828,0.775294429517785,17,"None"
"119",22697,25766,23656,21112,20067,18673,19650,18549,22322,24473,23633,18987,17435,21503,19845,21649,25400,21160,17916,17637,18384,21110,23133,24866,25208,18948,19819,23670,27064,28525,71.343937708565,20656.0689655172,0.475449049528266,41,"None"
"120",25766,23656,21112,20067,18673,19650,18549,22322,24473,23633,18987,17435,21503,19845,21649,25400,21160,17916,17637,18384,21110,23133,24866,25208,18948,19819,23670,27064,28525,31563,141.025806451613,19871.5333333333,0.175125146338078,77,"None"
"121",23656,21112,20067,18673,19650,18549,22322,24473,23633,18987,17435,21503,19845,21649,25400,21160,17916,17637,18384,21110,23133,24866,25208,18948,19819,23670,27064,28525,31563,32270,232.489655172414,18670.6436781609,0.0223919929803152,129,"Positive"
"122",21112,20067,18673,19650,18549,22322,24473,23633,18987,17435,21503,19845,21649,25400,21160,17916,17637,18384,21110,23133,24866,25208,18948,19819,23670,27064,28525,31563,32270,25148,260.559510567297,18285.2942528736,0.00538254760312636,157,"Positive"
"123",20067,18673,19650,18549,22322,24473,23633,18987,17435,21503,19845,21649,25400,21160,17916,17637,18384,21110,23133,24866,25208,18948,19819,23670,27064,28525,31563,32270,25148,32150,315.594883203559,17800.1793103448,0.00132096562716169,181,"Positive"
"124",18673,19650,18549,22322,24473,23633,18987,17435,21503,19845,21649,25400,21160,17916,17637,18384,21110,23133,24866,25208,18948,19819,23670,27064,28525,31563,32270,25148,32150,37077,390.299221357063,17209.2620689655,0.000313491870351214,203,"Positive"
"125",19650,18549,22322,24473,23633,18987,17435,21503,19845,21649,25400,21160,17916,17637,18384,21110,23133,24866,25208,18948,19819,23670,27064,28525,31563,32270,25148,32150,37077,35874,440.060066740823,17011.3356321839,0.000179235774372956,211,"Positive"
"126",18549,22322,24473,23633,18987,17435,21503,19845,21649,25400,21160,17916,17637,18384,21110,23133,24866,25208,18948,19819,23670,27064,28525,31563,32270,25148,32150,37077,35874,40319,517.582869855395,16498.6988505747,6.43154892739737e-05,225,"Positive"
"127",22322,24473,23633,18987,17435,21503,19845,21649,25400,21160,17916,17637,18384,21110,23133,24866,25208,18948,19819,23670,27064,28525,31563,32270,25148,32150,37077,35874,40319,45993,614.922580645161,15904.7333333333,3.48641789550702e-05,233,"Positive"
"128",24473,23633,18987,17435,21503,19845,21649,25400,21160,17916,17637,18384,21110,23133,24866,25208,18948,19819,23670,27064,28525,31563,32270,25148,32150,37077,35874,40319,45993,41346,696.091434927697,15280.7494252874,5.85325520204428e-06,255,"Positive"
"129",23633,18987,17435,21503,19845,21649,25400,21160,17916,17637,18384,21110,23133,24866,25208,18948,19819,23670,27064,28525,31563,32270,25148,32150,37077,35874,40319,45993,41346,40731,779.662513904338,14527.3310344828,5.86869662062817e-07,281,"Positive"
"130",18987,17435,21503,19845,21649,25400,21160,17916,17637,18384,21110,23133,24866,25208,18948,19819,23670,27064,28525,31563,32270,25148,32150,37077,35874,40319,45993,41346,40731,41282,853.761512791991,13967.0965517242,7.12494753977835e-08,303,"Positive"
"131",17435,21503,19845,21649,25400,21160,17916,17637,18384,21110,23133,24866,25208,18948,19819,23670,27064,28525,31563,32270,25148,32150,37077,35874,40319,45993,41346,40731,41282,46431,921.185761957731,13836.8206896552,2.6005341168214e-08,313,"Positive"
"132",21503,19845,21649,25400,21160,17916,17637,18384,21110,23133,24866,25208,18948,19819,23670,27064,28525,31563,32270,25148,32150,37077,35874,40319,45993,41346,40731,41282,46431,51819,1000.45695216908,13754.2505747127,2.6005341168214e-08,313,"Positive"
"133",19845,21649,25400,21160,17916,17637,18384,21110,23133,24866,25208,18948,19819,23670,27064,28525,31563,32270,25148,32150,37077,35874,40319,45993,41346,40731,41282,46431,51819,56628,1123.51034482759,13017.7563218391,4.8611109294049e-09,329,"Positive"
"134",21649,25400,21160,17916,17637,18384,21110,23133,24866,25208,18948,19819,23670,27064,28525,31563,32270,25148,32150,37077,35874,40319,45993,41346,40731,41282,46431,51819,56628,51360,1185.51368186874,13107.2045977012,2.53934656966137e-09,335,"Positive"
"135",25400,21160,17916,17637,18384,21110,23133,24866,25208,18948,19819,23670,27064,28525,31563,32270,25148,32150,37077,35874,40319,45993,41346,40731,41282,46431,51819,56628,51360,45682,1209.30389321468,13539.5563218391,1.63687515515447e-09,339,"Positive"
"136",21160,17916,17637,18384,21110,23133,24866,25208,18948,19819,23670,27064,28525,31563,32270,25148,32150,37077,35874,40319,45993,41346,40731,41282,46431,51819,56628,51360,45682,50769,1281.08921023359,13272.5172413793,2.13354335859936e-10,357,"Positive"
"137",17916,17637,18384,21110,23133,24866,25208,18948,19819,23670,27064,28525,31563,32270,25148,32150,37077,35874,40319,45993,41346,40731,41282,46431,51819,56628,51360,45682,50769,43084,1262.76484983315,14287.3448275862,2.68897887462208e-10,355,"Positive"
"138",17637,18384,21110,23133,24866,25208,18948,19819,23670,27064,28525,31563,32270,25148,32150,37077,35874,40319,45993,41346,40731,41282,46431,51819,56628,51360,45682,50769,43084,60654,1325.6680756396,14736.9448275862,2.13354335859936e-10,357,"Positive"
"139",18384,21110,23133,24866,25208,18948,19819,23670,27064,28525,31563,32270,25148,32150,37077,35874,40319,45993,41346,40731,41282,46431,51819,56628,51360,45682,50769,43084,60654,60120,1364.18620689655,15556.0137931034,2.68897887462208e-10,355,"Positive"
"140",21110,23133,24866,25208,18948,19819,23670,27064,28525,31563,32270,25148,32150,37077,35874,40319,45993,41346,40731,41282,46431,51819,56628,51360,45682,50769,43084,60654,60120,62496,1404.28275862069,16404.9172413793,2.68897887462208e-10,355,"Positive"
"141",23133,24866,25208,18948,19819,23670,27064,28525,31563,32270,25148,32150,37077,35874,40319,45993,41346,40731,41282,46431,51819,56628,51360,45682,50769,43084,60654,60120,62496,68055,1479.41668520578,16805.1747126437,1.6907313837132e-10,359,"Positive"
"142",24866,25208,18948,19819,23670,27064,28525,31563,32270,25148,32150,37077,35874,40319,45993,41346,40731,41282,46431,51819,56628,51360,45682,50769,43084,60654,60120,62496,68055,60018,1495.76307007786,17781.3057471264,2.68897887462208e-10,355,"Positive"
"143",25208,18948,19819,23670,27064,28525,31563,32270,25148,32150,37077,35874,40319,45993,41346,40731,41282,46431,51819,56628,51360,45682,50769,43084,60654,60120,62496,68055,60018,58453,1497.55283648498,18873.1310344828,4.25536561098496e-10,351,"Positive"
"144",18948,19819,23670,27064,28525,31563,32270,25148,32150,37077,35874,40319,45993,41346,40731,41282,46431,51819,56628,51360,45682,50769,43084,60654,60120,62496,68055,60018,58453,58894,1489.6022246941,20119.232183908,5.34319096832166e-10,349,"Positive"
"145",19819,23670,27064,28525,31563,32270,25148,32150,37077,35874,40319,45993,41346,40731,41282,46431,51819,56628,51360,45682,50769,43084,60654,60120,62496,68055,60018,58453,58894,68035,1482.46518353726,21866.0896551724,6.70075996080580e-10,347,"Positive"
"146",23670,27064,28525,31563,32270,25148,32150,37077,35874,40319,45993,41346,40731,41282,46431,51819,56628,51360,45682,50769,43084,60654,60120,62496,68055,60018,58453,58894,68035,68121,1460.04916573971,23823.6045977011,6.70075996080580e-10,347,"Positive"
"147",27064,28525,31563,32270,25148,32150,37077,35874,40319,45993,41346,40731,41282,46431,51819,56628,51360,45682,50769,43084,60654,60120,62496,68055,60018,58453,58894,68035,68121,75819,1492.36484983315,25061.0114942528,6.70075996080580e-10,347,"Positive"
"148",28525,31563,32270,25148,32150,37077,35874,40319,45993,41346,40731,41282,46431,51819,56628,51360,45682,50769,43084,60654,60120,62496,68055,60018,58453,58894,68035,68121,75819,72262,1501.93592880979,26419.2597701149,6.70075996080580e-10,347,"Positive"
"149",31563,32270,25148,32150,37077,35874,40319,45993,41346,40731,41282,46431,51819,56628,51360,45682,50769,43084,60654,60120,62496,68055,60018,58453,58894,68035,68121,75819,72262,62537,1438.73058954394,28532.675862069,1.63687515515447e-09,339,"Positive"
"150",32270,25148,32150,37077,35874,40319,45993,41346,40731,41282,46431,51819,56628,51360,45682,50769,43084,60654,60120,62496,68055,60018,58453,58894,68035,68121,75819,72262,62537,60474,1368.0340378198,30592.1724137931,7.44815746008282e-09,325,"Positive"
"151",25148,32150,37077,35874,40319,45993,41346,40731,41282,46431,51819,56628,51360,45682,50769,43084,60654,60120,62496,68055,60018,58453,58894,68035,68121,75819,72262,62537,60474,62091,1299.78197997775,32644.1126436781,2.11790193042267e-08,315,"Positive"
"152",32150,37077,35874,40319,45993,41346,40731,41282,46431,51819,56628,51360,45682,50769,43084,60654,60120,62496,68055,60018,58453,58894,68035,68121,75819,72262,62537,60474,62091,64511,1184.75706340378,35739.0988505747,5.83865128131185e-08,305,"Positive"
"153",37077,35874,40319,45993,41346,40731,41282,46431,51819,56628,51360,45682,50769,43084,60654,60120,62496,68055,60018,58453,58894,68035,68121,75819,72262,62537,60474,62091,64511,70571,1139.60444938821,37719.6643678161,8.68387994023635e-08,301,"Positive"
"154",35874,40319,45993,41346,40731,41282,46431,51819,56628,51360,45682,50769,43084,60654,60120,62496,68055,60018,58453,58894,68035,68121,75819,72262,62537,60474,62091,64511,70571,68442,1097.60066740823,39416.2229885057,1.28519145794866e-07,297,"Positive"
"155",40319,45993,41346,40731,41282,46431,51819,56628,51360,45682,50769,43084,60654,60120,62496,68055,60018,58453,58894,68035,68121,75819,72262,62537,60474,62091,64511,70571,68442,73322,1064.82869855395,41172.4551724138,1.56059452884092e-07,295,"Positive"
"156",45993,41346,40731,41282,46431,51819,56628,51360,45682,50769,43084,60654,60120,62496,68055,60018,58453,58894,68035,68121,75819,72262,62537,60474,62091,64511,70571,68442,73322,64916,991.817575083426,43124.0275862069,7.05633886138704e-07,279,"Positive"
"157",41346,40731,41282,46431,51819,56628,51360,45682,50769,43084,60654,60120,62496,68055,60018,58453,58894,68035,68121,75819,72262,62537,60474,62091,64511,70571,68442,73322,64916,54867,882.161067853171,45119.5034482758,9.6632020878884e-06,249,"Positive"
"158",40731,41282,46431,51819,56628,51360,45682,50769,43084,60654,60120,62496,68055,60018,58453,58894,68035,68121,75819,72262,62537,60474,62091,64511,70571,68442,73322,64916,54867,56757,748.701446051168,47701.8275862069,0.000134548484032428,215,"Positive"
"159",41282,46431,51819,56628,51360,45682,50769,43084,60654,60120,62496,68055,60018,58453,58894,68035,68121,75819,72262,62537,60474,62091,64511,70571,68442,73322,64916,54867,56757,66459,666.737041156841,49829.875862069,0.000411612646569741,199,"Positive"
"160",46431,51819,56628,51360,45682,50769,43084,60654,60120,62496,68055,60018,58453,58894,68035,68121,75819,72262,62537,60474,62091,64511,70571,68442,73322,64916,54867,56757,66459,71854,611.93170189099,51698.4252873563,0.000613718741722769,193,"Positive"
"161",51819,56628,51360,45682,50769,43084,60654,60120,62496,68055,60018,58453,58894,68035,68121,75819,72262,62537,60474,62091,64511,70571,68442,73322,64916,54867,56757,66459,71854,67455,550.65339265851,53349.0390804598,0.0014947363150922,179,"Positive"
"162",56628,51360,45682,50769,43084,60654,60120,62496,68055,60018,58453,58894,68035,68121,75819,72262,62537,60474,62091,64511,70571,68442,73322,64916,54867,56757,66459,71854,67455,68721,525.347052280311,54304.6873563218,0.00168935460930561,177,"Positive"
"163",51360,45682,50769,43084,60654,60120,62496,68055,60018,58453,58894,68035,68121,75819,72262,62537,60474,62091,64511,70571,68442,73322,64916,54867,56757,66459,71854,67455,68721,56182,444.789098998888,55538.4689655172,0.013814067737925,139,"Positive"
"164",45682,50769,43084,60654,60120,62496,68055,60018,58453,58894,68035,68121,75819,72262,62537,60474,62091,64511,70571,68442,73322,64916,54867,56757,66459,71854,67455,68721,56182,45548,259.492102335929,58216.8390804598,0.11641261541028,89,"None"
"165",50769,43084,60654,60120,62496,68055,60018,58453,58894,68035,68121,75819,72262,62537,60474,62091,64511,70571,68442,73322,64916,54867,56757,66459,71854,67455,68721,56182,45548,45529,37.4998887652959,61652.6183908046,0.520693269833088,37,"None"
"166",43084,60654,60120,62496,68055,60018,58453,58894,68035,68121,75819,72262,62537,60474,62091,64511,70571,68442,73322,64916,54867,56757,66459,71854,67455,68721,56182,45548,45529,58801,-63.7156840934369,63489.1931034483,1,-1,"None"
"167",60654,60120,62496,68055,60018,58453,58894,68035,68121,75819,72262,62537,60474,62091,64511,70571,68442,73322,64916,54867,56757,66459,71854,67455,68721,56182,45548,45529,58801,54456,-249.537263626251,66748.4942528735,0.335338963484732,-55,"None"
"168",60120,62496,68055,60018,58453,58894,68035,68121,75819,72262,62537,60474,62091,64511,70571,68442,73322,64916,54867,56757,66459,71854,67455,68721,56182,45548,45529,58801,54456,59358,-287.620467185762,67295.583908046,0.211711831941242,-71,"None"
"169",62496,68055,60018,58453,58894,68035,68121,75819,72262,62537,60474,62091,64511,70571,68442,73322,64916,54867,56757,66459,71854,67455,68721,56182,45548,45529,58801,54456,59358,59295,-329.216240266963,67912.8183908046,0.11641261541028,-89,"None"
"170",68055,60018,58453,58894,68035,68121,75819,72262,62537,60474,62091,64511,70571,68442,73322,64916,54867,56757,66459,71854,67455,68721,56182,45548,45529,58801,54456,59358,59295,54121,-387.43937708565,68536.1103448276,0.041963944579416,-115,"Negative"
"171",60018,58453,58894,68035,68121,75819,72262,62537,60474,62091,64511,70571,68442,73322,64916,54867,56757,66459,71854,67455,68721,56182,45548,45529,58801,54456,59358,59295,54121,45751,-457.598220244716,68880.1057471264,0.024578108913373,-127,"Negative"
"172",58453,58894,68035,68121,75819,72262,62537,60474,62091,64511,70571,68442,73322,64916,54867,56757,66459,71854,67455,68721,56182,45548,45529,58801,54456,59358,59295,54121,45751,47627,-561.157508342602,70072.2413793103,0.00669115449396484,-153,"Negative"
"173",58894,68035,68121,75819,72262,62537,60474,62091,64511,70571,68442,73322,64916,54867,56757,66459,71854,67455,68721,56182,45548,45529,58801,54456,59358,59295,54121,45751,47627,47995,-667.622469410456,71373.8482758621,0.00102799895958159,-185,"Negative"
"174",68035,68121,75819,72262,62537,60474,62091,64511,70571,68442,73322,64916,54867,56757,66459,71854,67455,68721,56182,45548,45529,58801,54456,59358,59295,54121,45751,47627,47995,56055,-714.392880978865,72004.1563218391,0.000273093349650745,-205,"Negative"
"175",68121,75819,72262,62537,60474,62091,64511,70571,68442,73322,64916,54867,56757,66459,71854,67455,68721,56182,45548,45529,58801,54456,59358,59295,54121,45751,47627,47995,56055,51314,-727.445828698553,71649.1103448276,0.000179235774372956,-211,"Negative"
"176",75819,72262,62537,60474,62091,64511,70571,68442,73322,64916,54867,56757,66459,71854,67455,68721,56182,45548,45529,58801,54456,59358,59295,54121,45751,47627,47995,56055,51314,65340,-641.97552836485,70231.6206896552,0.00102799895958159,-185,"Negative"
"177",72262,62537,60474,62091,64511,70571,68442,73322,64916,54867,56757,66459,71854,67455,68721,56182,45548,45529,58801,54456,59358,59295,54121,45751,47627,47995,56055,51314,65340,46918,-621.029810901001,68943.5954022989,0.0014947363150922,-179,"Negative"
"178",62537,60474,62091,64511,70571,68442,73322,64916,54867,56757,66459,71854,67455,68721,56182,45548,45529,58801,54456,59358,59295,54121,45751,47627,47995,56055,51314,65340,46918,39195,-661.581757508342,68469.9172413793,0.00132096562716169,-181,"Negative"
"179",60474,62091,64511,70571,68442,73322,64916,54867,56757,66459,71854,67455,68721,56182,45548,45529,58801,54456,59358,59295,54121,45751,47627,47995,56055,51314,65340,46918,39195,36675,-770.747942157953,69299.9264367816,0.000359433592929596,-201,"Negative"
"180",62091,64511,70571,68442,73322,64916,54867,56757,66459,71854,67455,68721,56182,45548,45529,58801,54456,59358,59295,54121,45751,47627,47995,56055,51314,65340,46918,39195,36675,45034,-828.705672969967,69683.6045977012,0.000100515241834864,-219,"Negative"
"181",64511,70571,68442,73322,64916,54867,56757,66459,71854,67455,68721,56182,45548,45529,58801,54456,59358,59295,54121,45751,47627,47995,56055,51314,65340,46918,39195,36675,45034,47359,-853.641824249165,69579.048275862,6.43154892739737e-05,-225,"Negative"
"182",70571,68442,73322,64916,54867,56757,66459,71854,67455,68721,56182,45548,45529,58801,54456,59358,59295,54121,45751,47627,47995,56055,51314,65340,46918,39195,36675,45034,47359,43843,-878.017352614015,69267.9356321839,2.17460147933399e-05,-239,"Negative"
"183",68442,73322,64916,54867,56757,66459,71854,67455,68721,56182,45548,45529,58801,54456,59358,59295,54121,45751,47627,47995,56055,51314,65340,46918,39195,36675,45034,47359,43843,48747,-819.765072302558,67637.5586206897,8.67200752390347e-05,-221,"Negative"
"184",73322,64916,54867,56757,66459,71854,67455,68721,56182,45548,45529,58801,54456,59358,59295,54121,45751,47627,47995,56055,51314,65340,46918,39195,36675,45034,47359,43843,48747,43067,-803.130367074527,66533.8873563218,7.47275916256258e-05,-223,"Negative"
"185",64916,54867,56757,66459,71854,67455,68721,56182,45548,45529,58801,54456,59358,59295,54121,45751,47627,47995,56055,51314,65340,46918,39195,36675,45034,47359,43843,48747,43067,34264,-798.343715239154,65157.7609195402,7.47275916256258e-05,-223,"Negative"
"186",54867,56757,66459,71854,67455,68721,56182,45548,45529,58801,54456,59358,59295,54121,45751,47627,47995,56055,51314,65340,46918,39195,36675,45034,47359,43843,48747,43067,34264,36654,-818.731701890989,64531.708045977,4.0705710353514e-05,-231,"Negative"
"187",56757,66459,71854,67455,68721,56182,45548,45529,58801,54456,59358,59295,54121,45751,47627,47995,56055,51314,65340,46918,39195,36675,45034,47359,43843,48747,43067,34264,36654,40168,-873.177308120134,64885.6482758621,1.3415756811734e-05,-245,"Negative"
"188",66459,71854,67455,68721,56182,45548,45529,58801,54456,59358,59295,54121,45751,47627,47995,56055,51314,65340,46918,39195,36675,45034,47359,43843,48747,43067,34264,36654,40168,45359,-874.557953281424,64527.1149425287,1.3415756811734e-05,-245,"Negative"
"189",71854,67455,68721,56182,45548,45529,58801,54456,59358,59295,54121,45751,47627,47995,56055,51314,65340,46918,39195,36675,45034,47359,43843,48747,43067,34264,36654,40168,45359,45230,-804.789098998887,62738.0643678161,2.98246312124669e-05,-235,"Negative"
"190",67455,68721,56182,45548,45529,58801,54456,59358,59295,54121,45751,47627,47995,56055,51314,65340,46918,39195,36675,45034,47359,43843,48747,43067,34264,36654,40168,45359,45230,46983,-677.058064516129,59929.2,0.000237614399449362,-207,"Negative"
"191",68721,56182,45548,45529,58801,54456,59358,59295,54121,45751,47627,47995,56055,51314,65340,46918,39195,36675,45034,47359,43843,48747,43067,34264,36654,40168,45359,45230,46983,42695,-596.263403781979,57851.5494252873,0.000411612646569741,-199,"Negative"
"192",56182,45548,45529,58801,54456,59358,59295,54121,45751,47627,47995,56055,51314,65340,46918,39195,36675,45034,47359,43843,48747,43067,34264,36654,40168,45359,45230,46983,42695,34400,-549.237152391546,55978.6091954023,0.000470800451258847,-197,"Negative"
"193",45548,45529,58801,54456,59358,59295,54121,45751,47627,47995,56055,51314,65340,46918,39195,36675,45034,47359,43843,48747,43067,34264,36654,40168,45359,45230,46983,42695,34400,35513,-566.235372636263,55553.1149425288,0.000359433592929596,-201,"Negative"
"194",45529,58801,54456,59358,59295,54121,45751,47627,47995,56055,51314,65340,46918,39195,36675,45034,47359,43843,48747,43067,34264,36654,40168,45359,45230,46983,42695,34400,35513,41729,-607.271857619578,56061.8804597701,0.000116363877293501,-217,"Negative"
"195",58801,54456,59358,59295,54121,45751,47627,47995,56055,51314,65340,46918,39195,36675,45034,47359,43843,48747,43067,34264,36654,40168,45359,45230,46983,42695,34400,35513,41729,41005,-651.411123470523,56595.2390804598,3.48641789550702e-05,-233,"Negative"
"196",54456,59358,59295,54121,45751,47627,47995,56055,51314,65340,46918,39195,36675,45034,47359,43843,48747,43067,34264,36654,40168,45359,45230,46983,42695,34400,35513,41729,41005,44192,-581.445161290323,55023.8,0.000134548484032428,-215,"Negative"
"197",59358,59295,54121,45751,47627,47995,56055,51314,65340,46918,39195,36675,45034,47359,43843,48747,43067,34264,36654,40168,45359,45230,46983,42695,34400,35513,41729,41005,44192,50460,-494.505895439378,53543.0413793104,0.00168935460930561,-177,"Negative"
"198",59295,54121,45751,47627,47995,56055,51314,65340,46918,39195,36675,45034,47359,43843,48747,43067,34264,36654,40168,45359,45230,46983,42695,34400,35513,41729,41005,44192,50460,43001,-420.104338153505,51844.583908046,0.00481910956115765,-159,"Negative"
"199",54121,45751,47627,47995,56055,51314,65340,46918,39195,36675,45034,47359,43843,48747,43067,34264,36654,40168,45359,45230,46983,42695,34400,35513,41729,41005,44192,50460,43001,31311,-414.278754171302,50821.4873563218,0.00430958172233723,-161,"Negative"
"200",45751,47627,47995,56055,51314,65340,46918,39195,36675,45034,47359,43843,48747,43067,34264,36654,40168,45359,45230,46983,42695,34400,35513,41729,41005,44192,50460,43001,31311,23508,-482.026696329255,50851.1471264368,0.00343429212622282,-165,"Negative"
"201",47627,47995,56055,51314,65340,46918,39195,36675,45034,47359,43843,48747,43067,34264,36654,40168,45359,45230,46983,42695,34400,35513,41729,41005,44192,50460,43001,31311,23508,27469,-568.323025583982,51579.340229885,0.00116600673963702,-183,"Negative"
"202",47995,56055,51314,65340,46918,39195,36675,45034,47359,43843,48747,43067,34264,36654,40168,45359,45230,46983,42695,34400,35513,41729,41005,44192,50460,43001,31311,23508,27469,33911,-591.985761957731,51488.9126436782,0.000796196022753239,-189,"Negative"
"203",56055,51314,65340,46918,39195,36675,45034,47359,43843,48747,43067,34264,36654,40168,45359,45230,46983,42695,34400,35513,41729,41005,44192,50460,43001,31311,23508,27469,33911,36173,-592.414238042269,51101.4873563218,0.00102799895958159,-185,"Negative"
"204",51314,65340,46918,39195,36675,45034,47359,43843,48747,43067,34264,36654,40168,45359,45230,46983,42695,34400,35513,41729,41005,44192,50460,43001,31311,23508,27469,33911,36173,47724,-457.473859844271,48732.2114942529,0.015250283689703,-137,"Negative"
"205",65340,46918,39195,36675,45034,47359,43843,48747,43067,34264,36654,40168,45359,45230,46983,42695,34400,35513,41729,41005,44192,50460,43001,31311,23508,27469,33911,36173,47724,41126,-394.090989988876,47410.1770114943,0.0456954722167193,-113,"Negative"
"206",46918,39195,36675,45034,47359,43843,48747,43067,34264,36654,40168,45359,45230,46983,42695,34400,35513,41729,41005,44192,50460,43001,31311,23508,27469,33911,36173,47724,41126,34297,-273.502113459399,44506.2827586207,0.0687917281714642,-103,"None"
"207",39195,36675,45034,47359,43843,48747,43067,34264,36654,40168,45359,45230,46983,42695,34400,35513,41729,41005,44192,50460,43001,31311,23508,27469,33911,36173,47724,41126,34297,34426,-265.3170189099,43963.0137931034,0.0803911475421804,-99,"None"
"208",36675,45034,47359,43843,48747,43067,34264,36654,40168,45359,45230,46983,42695,34400,35513,41729,41005,44192,50460,43001,31311,23508,27469,33911,36173,47724,41126,34297,34426,39556,-271.739043381535,44074.5885057471,0.0540006513533659,-109,"None"
"209",45034,47359,43843,48747,43067,34264,36654,40168,45359,45230,46983,42695,34400,35513,41729,41005,44192,50460,43001,31311,23508,27469,33911,36173,47724,41126,34297,34426,39556,38924,-299.778420467186,44584.1655172414,0.0295099933695599,-123,"Negative"
"210",47359,43843,48747,43067,34264,36654,40168,45359,45230,46983,42695,34400,35513,41729,41005,44192,50460,43001,31311,23508,27469,33911,36173,47724,41126,34297,34426,39556,38924,45225,-230.518576195773,43517.0045977011,0.100719626764514,-93,"None"
"211",43843,48747,43067,34264,36654,40168,45359,45230,46983,42695,34400,35513,41729,41005,44192,50460,43001,31311,23508,27469,33911,36173,47724,41126,34297,34426,39556,38924,45225,49243,-119.386651835373,41857.2597701149,0.453662366270309,-43,"None"
"212",48747,43067,34264,36654,40168,45359,45230,46983,42695,34400,35513,41729,41005,44192,50460,43001,31311,23508,27469,33911,36173,47724,41126,34297,34426,39556,38924,45225,49243,42154,-79.0767519466074,41176.1563218391,0.642743176068421,-27,"None"
"213",43067,34264,36654,40168,45359,45230,46983,42695,34400,35513,41729,41005,44192,50460,43001,31311,23508,27469,33911,36173,47724,41126,34297,34426,39556,38924,45225,49243,42154,38404,-28.3882091212457,40045.7172413793,0.886504806413831,-9,"None"
"214",34264,36654,40168,45359,45230,46983,42695,34400,35513,41729,41005,44192,50460,43001,31311,23508,27469,33911,36173,47724,41126,34297,34426,39556,38924,45225,49243,42154,38404,52039,75.6976640711904,38731.4528735632,0.568058623631595,33,"None"
"215",36654,40168,45359,45230,46983,42695,34400,35513,41729,41005,44192,50460,43001,31311,23508,27469,33911,36173,47724,41126,34297,34426,39556,38924,45225,49243,42154,38404,52039,39850,36.4424916573972,39526.108045977,0.886504806413831,9,"None"
"216",40168,45359,45230,46983,42695,34400,35513,41729,41005,44192,50460,43001,31311,23508,27469,33911,36173,47724,41126,34297,34426,39556,38924,45225,49243,42154,38404,52039,39850,39072,6.16529477196886,40076.0045977012,0.886504806413831,-9,"None"
"217",45359,45230,46983,42695,34400,35513,41729,41005,44192,50460,43001,31311,23508,27469,33911,36173,47724,41126,34297,34426,39556,38924,45225,49243,42154,38404,52039,39850,39072,47103,50.8596218020023,39614.4091954023,0.858400752963727,11,"None"
"218",45230,46983,42695,34400,35513,41729,41005,44192,50460,43001,31311,23508,27469,33911,36173,47724,41126,34297,34426,39556,38924,45225,49243,42154,38404,52039,39850,39072,47103,48275,135.829588431591,38394.5747126437,0.372365302198027,51,"None"
"219",46983,42695,34400,35513,41729,41005,44192,50460,43001,31311,23508,27469,33911,36173,47724,41126,34297,34426,39556,38924,45225,49243,42154,38404,52039,39850,39072,47103,48275,44649,195.218909899889,37454.6735632184,0.164043432144205,79,"None"
"220",42695,34400,35513,41729,41005,44192,50460,43001,31311,23508,27469,33911,36173,47724,41126,34297,34426,39556,38924,45225,49243,42154,38404,52039,39850,39072,47103,48275,44649,37544,221.117686318131,36738.6091954023,0.133965335639245,85,"None"
"221",34400,35513,41729,41005,44192,50460,43001,31311,23508,27469,33911,36173,47724,41126,34297,34426,39556,38924,45225,49243,42154,38404,52039,39850,39072,47103,48275,44649,37544,33255,193.972858731924,36844.6873563218,0.211711831941242,71,"None"
"222",35513,41729,41005,44192,50460,43001,31311,23508,27469,33911,36173,47724,41126,34297,34426,39556,38924,45225,49243,42154,38404,52039,39850,39072,47103,48275,44649,37544,33255,43420,179.402002224694,37371.2022988506,0.253526359301579,65,"None"
"223",41729,41005,44192,50460,43001,31311,23508,27469,33911,36173,47724,41126,34297,34426,39556,38924,45225,49243,42154,38404,52039,39850,39072,47103,48275,44649,37544,33255,43420,39431,142.758175750834,38069.7816091954,0.4324504235359,45,"None"
"224",41005,44192,50460,43001,31311,23508,27469,33911,36173,47724,41126,34297,34426,39556,38924,45225,49243,42154,38404,52039,39850,39072,47103,48275,44649,37544,33255,43420,39431,45654,187.388431590656,37508.8459770115,0.238992787901522,67,"None"
"225",44192,50460,43001,31311,23508,27469,33911,36173,47724,41126,34297,34426,39556,38924,45225,49243,42154,38404,52039,39850,39072,47103,48275,44649,37544,33255,43420,39431,45654,54858,284.659844271413,36462.9057471264,0.0867605711758845,97,"None"
"226",50460,43001,31311,23508,27469,33911,36173,47724,41126,34297,34426,39556,38924,45225,49243,42154,38404,52039,39850,39072,47103,48275,44649,37544,33255,43420,39431,45654,54858,48595,357.340378197998,35483.124137931,0.024578108913373,127,"Positive"
"227",43001,31311,23508,27469,33911,36173,47724,41126,34297,34426,39556,38924,45225,49243,42154,38404,52039,39850,39072,47103,48275,44649,37544,33255,43420,39431,45654,54858,48595,35767,388.528142380423,34509.9471264368,0.015250283689703,137,"Positive"
"228",31311,23508,27469,33911,36173,47724,41126,34297,34426,39556,38924,45225,49243,42154,38404,52039,39850,39072,47103,48275,44649,37544,33255,43420,39431,45654,54858,48595,35767,39466,398.676529477197,34234.8137931034,0.0112953457136218,143,"Positive"
"229",23508,27469,33911,36173,47724,41126,34297,34426,39556,38924,45225,49243,42154,38404,52039,39850,39072,47103,48275,44649,37544,33255,43420,39431,45654,54858,48595,35767,39466,45200,366.77063403782,35192.3218390805,0.0223919929803152,129,"Positive"
"230",27469,33911,36173,47724,41126,34297,34426,39556,38924,45225,49243,42154,38404,52039,39850,39072,47103,48275,44649,37544,33255,43420,39431,45654,54858,48595,35767,39466,45200,51081,312.813125695217,36947.7632183908,0.0269467824634891,125,"Positive"
"231",33911,36173,47724,41126,34297,34426,39556,38924,45225,49243,42154,38404,52039,39850,39072,47103,48275,44649,37544,33255,43420,39431,45654,54858,48595,35767,39466,45200,51081,58593,322.369076751947,37837.1126436782,0.0269467824634891,125,"Positive"
"232",36173,47724,41126,34297,34426,39556,38924,45225,49243,42154,38404,52039,39850,39072,47103,48275,44649,37544,33255,43420,39431,45654,54858,48595,35767,39466,45200,51081,58593,56358,348.084983314794,38186.7494252874,0.0269467824634891,125,"Positive"
"233",47724,41126,34297,34426,39556,38924,45225,49243,42154,38404,52039,39850,39072,47103,48275,44649,37544,33255,43420,39431,45654,54858,48595,35767,39466,45200,51081,58593,56358,54959,370.387541713014,38467.2597701149,0.0223919929803152,129,"Positive"
"234",41126,34297,34426,39556,38924,45225,49243,42154,38404,52039,39850,39072,47103,48275,44649,37544,33255,43420,39431,45654,54858,48595,35767,39466,45200,51081,58593,56358,54959,45902,405.561290322581,37861.3333333333,0.00827904897359573,149,"Positive"
"235",34297,34426,39556,38924,45225,49243,42154,38404,52039,39850,39072,47103,48275,44649,37544,33255,43420,39431,45654,54858,48595,35767,39466,45200,51081,58593,56358,54959,45902,41873,370.04872080089,38436.6781609195,0.013814067737925,139,"Positive"
"236",34426,39556,38924,45225,49243,42154,38404,52039,39850,39072,47103,48275,44649,37544,33255,43420,39431,45654,54858,48595,35767,39466,45200,51081,58593,56358,54959,45902,41873,52235,353.958843159065,39284.0045977012,0.0185219035564335,133,"Positive"
"237",39556,38924,45225,49243,42154,38404,52039,39850,39072,47103,48275,44649,37544,33255,43420,39431,45654,54858,48595,35767,39466,45200,51081,58593,56358,54959,45902,41873,52235,59777,379.435372636262,39734.1517241379,0.0168163718749774,135,"Positive"
"238",38924,45225,49243,42154,38404,52039,39850,39072,47103,48275,44649,37544,33255,43420,39431,45654,54858,48595,35767,39466,45200,51081,58593,56358,54959,45902,41873,52235,59777,64860,461.805116796441,39300.8873563218,0.00744722722906271,151,"Positive"
"239",45225,49243,42154,38404,52039,39850,39072,47103,48275,44649,37544,33255,43420,39431,45654,54858,48595,35767,39466,45200,51081,58593,56358,54959,45902,41873,52235,59777,64860,69169,556.357508342603,38843.491954023,0.00481910956115765,159,"Positive"
"240",49243,42154,38404,52039,39850,39072,47103,48275,44649,37544,33255,43420,39431,45654,54858,48595,35767,39466,45200,51081,58593,56358,54959,45902,41873,52235,59777,64860,69169,56711,600.533704115684,38541.6275862069,0.00168935460930561,177,"Positive"
"241",42154,38404,52039,39850,39072,47103,48275,44649,37544,33255,43420,39431,45654,54858,48595,35767,39466,45200,51081,58593,56358,54959,45902,41873,52235,59777,64860,69169,56711,49351,619.825806451613,38246.2,0.000699446802170046,191,"Positive"
"242",38404,52039,39850,39072,47103,48275,44649,37544,33255,43420,39431,45654,54858,48595,35767,39466,45200,51081,58593,56358,54959,45902,41873,52235,59777,64860,69169,56711,49351,67775,709.044716351502,37717.340229885,0.000237614399449362,207,"Positive"
"243",52039,39850,39072,47103,48275,44649,37544,33255,43420,39431,45654,54858,48595,35767,39466,45200,51081,58593,56358,54959,45902,41873,52235,59777,64860,69169,56711,49351,67775,61966,723.524360400445,38278.3057471264,0.000237614399449362,207,"Positive"
"244",39850,39072,47103,48275,44649,37544,33255,43420,39431,45654,54858,48595,35767,39466,45200,51081,58593,56358,54959,45902,41873,52235,59777,64860,69169,56711,49351,67775,61966,63257,829.883870967742,37003.6666666667,2.54824942002481e-05,237,"Positive"
"245",39072,47103,48275,44649,37544,33255,43420,39431,45654,54858,48595,35767,39466,45200,51081,58593,56358,54959,45902,41873,52235,59777,64860,69169,56711,49351,67775,61966,63257,76342,931.609343715239,36643.3218390805,9.6632020878884e-06,249,"Positive"
"246",47103,48275,44649,37544,33255,43420,39431,45654,54858,48595,35767,39466,45200,51081,58593,56358,54959,45902,41873,52235,59777,64860,69169,56711,49351,67775,61966,63257,76342,81881,1047.4680756396,36274.4781609195,5.85325520204428e-06,255,"Positive"
"247",48275,44649,37544,33255,43420,39431,45654,54858,48595,35767,39466,45200,51081,58593,56358,54959,45902,41873,52235,59777,64860,69169,56711,49351,67775,61966,63257,76342,81881,82794,1205.55595105673,35013.816091954,8.4738851228622e-07,277,"Positive"
"248",44649,37544,33255,43420,39431,45654,54858,48595,35767,39466,45200,51081,58593,56358,54959,45902,41873,52235,59777,64860,69169,56711,49351,67775,61966,63257,76342,81881,82794,62113,1222.42046718576,35213.6827586207,4.04446783470887e-07,285,"Positive"
"249",37544,33255,43420,39431,45654,54858,48595,35767,39466,45200,51081,58593,56358,54959,45902,41873,52235,59777,64860,69169,56711,49351,67775,61966,63257,76342,81881,82794,62113,67422,1242.37263626251,35663.524137931,2.77357597717396e-07,289,"Positive"
"250",33255,43420,39431,45654,54858,48595,35767,39466,45200,51081,58593,56358,54959,45902,41873,52235,59777,64860,69169,56711,49351,67775,61966,63257,76342,81881,82794,62113,67422,76793,1263.65027808676,36642.0206896552,2.77357597717396e-07,289,"Positive"
"251",43420,39431,45654,54858,48595,35767,39466,45200,51081,58593,56358,54959,45902,41873,52235,59777,64860,69169,56711,49351,67775,61966,63257,76342,81881,82794,62113,67422,76793,79416,1254.80778642937,38317.7793103448,4.04446783470887e-07,285,"Positive"
"252",39431,45654,54858,48595,35767,39466,45200,51081,58593,56358,54959,45902,41873,52235,59777,64860,69169,56711,49351,67775,61966,63257,76342,81881,82794,62113,67422,76793,79416,91095,1370.87830923248,38107.8528735632,1.89267512368706e-07,293,"Positive"
"253",45654,54858,48595,35767,39466,45200,51081,58593,56358,54959,45902,41873,52235,59777,64860,69169,56711,49351,67775,61966,63257,76342,81881,82794,62113,67422,76793,79416,91095,99130,1490.06473859844,38250.4298850575,1.56059452884092e-07,295,"Positive"
"254",54858,48595,35767,39466,45200,51081,58593,56358,54959,45902,41873,52235,59777,64860,69169,56711,49351,67775,61966,63257,76342,81881,82794,62113,67422,76793,79416,91095,99130,89774,1565.2447163515,38555.8068965517,1.05708311508946e-07,299,"Positive"
"255",48595,35767,39466,45200,51081,58593,56358,54959,45902,41873,52235,59777,64860,69169,56711,49351,67775,61966,63257,76342,81881,82794,62113,67422,76793,79416,91095,99130,89774,104924,1782.01179087875,36864.783908046,1.72270581382807e-08,317,"Positive"
"256",35767,39466,45200,51081,58593,56358,54959,45902,41873,52235,59777,64860,69169,56711,49351,67775,61966,63257,76342,81881,82794,62113,67422,76793,79416,91095,99130,89774,104924,85306,1806.74171301446,37705.1701149425,1.39951711506232e-08,319,"Positive"
"257",39466,45200,51081,58593,56358,54959,45902,41873,52235,59777,64860,69169,56711,49351,67775,61966,63257,76342,81881,82794,62113,67422,76793,79416,91095,99130,89774,104924,85306,127115,1996.40400444939,37810.3379310345,1.39951711506232e-08,319,"Positive"
"258",45200,51081,58593,56358,54959,45902,41873,52235,59777,64860,69169,56711,49351,67775,61966,63257,76342,81881,82794,62113,67422,76793,79416,91095,99130,89774,104924,85306,127115,104607,2025.71946607342,39527.3149425287,2.11790193042267e-08,315,"Positive"
"259",51081,58593,56358,54959,45902,41873,52235,59777,64860,69169,56711,49351,67775,61966,63257,76342,81881,82794,62113,67422,76793,79416,91095,99130,89774,104924,85306,127115,104607,129354,2225.25406006674,39239.6620689655,1.72270581382807e-08,317,"Positive"
"260",58593,56358,54959,45902,41873,52235,59777,64860,69169,56711,49351,67775,61966,63257,76342,81881,82794,62113,67422,76793,79416,91095,99130,89774,104924,85306,127115,104607,129354,128000,2419.16840934372,38797.9563218391,1.13555185480442e-08,321,"Positive"
"261",56358,54959,45902,41873,52235,59777,64860,69169,56711,49351,67775,61966,63257,76342,81881,82794,62113,67422,76793,79416,91095,99130,89774,104924,85306,127115,104607,129354,128000,127311,2626.22024471635,37879.2528735632,3.91985770726558e-09,331,"Positive"
"262",54959,45902,41873,52235,59777,64860,69169,56711,49351,67775,61966,63257,76342,81881,82794,62113,67422,76793,79416,91095,99130,89774,104924,85306,127115,104607,129354,128000,127311,115216,2709.25072302558,38554.2137931034,3.15693639309911e-09,333,"Positive"
"263",45902,41873,52235,59777,64860,69169,56711,49351,67775,61966,63257,76342,81881,82794,62113,67422,76793,79416,91095,99130,89774,104924,85306,127115,104607,129354,128000,127311,115216,120572,2790.99955506118,39474.2068965517,3.15693639309911e-09,333,"Positive"
"264",41873,52235,59777,64860,69169,56711,49351,67775,61966,63257,76342,81881,82794,62113,67422,76793,79416,91095,99130,89774,104924,85306,127115,104607,129354,128000,127311,115216,120572,140498,2909.64738598443,40788.3655172414,2.53934656966137e-09,335,"Positive"
"265",52235,59777,64860,69169,56711,49351,67775,61966,63257,76342,81881,82794,62113,67422,76793,79416,91095,99130,89774,104924,85306,127115,104607,129354,128000,127311,115216,120572,140498,146626,2997.95506117909,42911.3632183908,2.53934656966137e-09,335,"Positive"
"266",59777,64860,69169,56711,49351,67775,61966,63257,76342,81881,82794,62113,67422,76793,79416,91095,99130,89774,104924,85306,127115,104607,129354,128000,127311,115216,120572,140498,146626,164833,3228.58064516129,43089.9333333333,2.04003960406313e-09,337,"Positive"
"267",64860,69169,56711,49351,67775,61966,63257,76342,81881,82794,62113,67422,76793,79416,91095,99130,89774,104924,85306,127115,104607,129354,128000,127311,115216,120572,140498,146626,164833,180389,3561.48209121246,41950.3609195402,1.31175496230069e-09,341,"Positive"
"268",69169,56711,49351,67775,61966,63257,76342,81881,82794,62113,67422,76793,79416,91095,99130,89774,104924,85306,127115,104607,129354,128000,127311,115216,120572,140498,146626,164833,180389,167765,3794.32858731924,41771.4068965517,5.34319096832166e-10,349,"Positive"
"269",56711,49351,67775,61966,63257,76342,81881,82794,62113,67422,76793,79416,91095,99130,89774,104924,85306,127115,104607,129354,128000,127311,115216,120572,140498,146626,164833,180389,167765,136221,3807.59621802002,43800.8252873563,3.38479589242567e-10,353,"Positive"
"270",49351,67775,61966,63257,76342,81881,82794,62113,67422,76793,79416,91095,99130,89774,104924,85306,127115,104607,129354,128000,127311,115216,120572,140498,146626,164833,180389,167765,136221,162942,3877.50611790879,46258.2551724138,5.34319096832166e-10,349,"Positive"
"271",67775,61966,63257,76342,81881,82794,62113,67422,76793,79416,91095,99130,89774,104924,85306,127115,104607,129354,128000,127311,115216,120572,140498,146626,164833,180389,167765,136221,162942,163922,3855.71368186874,50415.0712643678,1.04990484702689e-09,343,"Positive"
"272",61966,63257,76342,81881,82794,62113,67422,76793,79416,91095,99130,89774,104924,85306,127115,104607,129354,128000,127311,115216,120572,140498,146626,164833,180389,167765,136221,162942,163922,173178,3969.72235817575,52161.3701149426,5.34319096832166e-10,349,"Positive"
"273",63257,76342,81881,82794,62113,67422,76793,79416,91095,99130,89774,104924,85306,127115,104607,129354,128000,127311,115216,120572,140498,146626,164833,180389,167765,136221,162942,163922,173178,191543,4115.25494994438,54224.8482758621,5.34319096832166e-10,349,"Positive"
"274",76342,81881,82794,62113,67422,76793,79416,91095,99130,89774,104924,85306,127115,104607,129354,128000,127311,115216,120572,140498,146626,164833,180389,167765,136221,162942,163922,173178,191543,198299,4255.62424916574,56550.524137931,4.25536561098496e-10,351,"Positive"
"275",81881,82794,62113,67422,76793,79416,91095,99130,89774,104924,85306,127115,104607,129354,128000,127311,115216,120572,140498,146626,164833,180389,167765,136221,162942,163922,173178,191543,198299,179273,4303.40111234705,59241.0160919541,5.34319096832166e-10,349,"Positive"
"276",82794,62113,67422,76793,79416,91095,99130,89774,104924,85306,127115,104607,129354,128000,127311,115216,120572,140498,146626,164833,180389,167765,136221,162942,163922,173178,191543,198299,179273,146778,4133.93481646274,64030.9770114943,1.63687515515447e-09,339,"Positive"
"277",62113,67422,76793,79416,91095,99130,89774,104924,85306,127115,104607,129354,128000,127311,115216,120572,140498,146626,164833,180389,167765,136221,162942,163922,173178,191543,198299,179273,146778,174450,4120.41890989989,67295.6735632184,1.63687515515447e-09,339,"Positive"
"278",67422,76793,79416,91095,99130,89774,104924,85306,127115,104607,129354,128000,127311,115216,120572,140498,146626,164833,180389,167765,136221,162942,163922,173178,191543,198299,179273,146778,174450,175517,3930.37797552836,74021.4413793104,3.91985770726558e-09,331,"Positive"
"279",76793,79416,91095,99130,89774,104924,85306,127115,104607,129354,128000,127311,115216,120572,140498,146626,164833,180389,167765,136221,162942,163922,173178,191543,198299,179273,146778,174450,175517,183287,3776.62202447164,80266.8252873563,6.02090347825702e-09,327,"Positive"
"280",79416,91095,99130,89774,104924,85306,127115,104607,129354,128000,127311,115216,120572,140498,146626,164833,180389,167765,136221,162942,163922,173178,191543,198299,179273,146778,174450,175517,183287,112323,3178.1085650723,90728.1172413793,4.87493746896723e-07,283,"Positive"
"281",91095,99130,89774,104924,85306,127115,104607,129354,128000,127311,115216,120572,140498,146626,164833,180389,167765,136221,162942,163922,173178,191543,198299,179273,146778,174450,175517,183287,112323,208187,3200.35350389321,94675.6873563218,4.87493746896723e-07,283,"Positive"
"282",99130,89774,104924,85306,127115,104607,129354,128000,127311,115216,120572,140498,146626,164833,180389,167765,136221,162942,163922,173178,191543,198299,179273,146778,174450,175517,183287,112323,208187,155530,2906.1254727475,101384.055172414,3.50661724557332e-06,261,"Positive"
"283",89774,104924,85306,127115,104607,129354,128000,127311,115216,120572,140498,146626,164833,180389,167765,136221,162942,163922,173178,191543,198299,179273,146778,174450,175517,183287,112323,208187,155530,140235,2539.96418242492,108429.72183908,4.0705710353514e-05,231,"Positive"
"284",104924,85306,127115,104607,129354,128000,127311,115216,120572,140498,146626,164833,180389,167765,136221,162942,163922,173178,191543,198299,179273,146778,174450,175517,183287,112323,208187,155530,140235,160570,2222.18309232481,115715.195402299,0.000237614399449362,207,"Positive"
"285",85306,127115,104607,129354,128000,127311,115216,120572,140498,146626,164833,180389,167765,136221,162942,163922,173178,191543,198299,179273,146778,174450,175517,183287,112323,208187,155530,140235,160570,188217,2155.75261401557,119521.301149425,0.000273093349650745,205,"Positive"
"286",127115,104607,129354,128000,127311,115216,120572,140498,146626,164833,180389,167765,136221,162942,163922,173178,191543,198299,179273,146778,174450,175517,183287,112323,208187,155530,140235,160570,188217,202555,2009.46852057842,125697.004597701,0.000313491870351214,203,"Positive"
"287",104607,129354,128000,127311,115216,120572,140498,146626,164833,180389,167765,136221,162942,163922,173178,191543,198299,179273,146778,174450,175517,183287,112323,208187,155530,140235,160570,188217,202555,223610,2235.19243604004,125414.783908046,0.000179235774372956,211,"Positive"
"288",129354,128000,127311,115216,120572,140498,146626,164833,180389,167765,136221,162942,163922,173178,191543,198299,179273,146778,174450,175517,183287,112323,208187,155530,140235,160570,188217,202555,223610,232785,2321.94794215795,128342.673563218,0.000179235774372956,211,"Positive"
"289",128000,127311,115216,120572,140498,146626,164833,180389,167765,136221,162942,163922,173178,191543,198299,179273,146778,174450,175517,183287,112323,208187,155530,140235,160570,188217,202555,223610,232785,215546,2411.12169076752,129833.547126437,0.000116363877293501,217,"Positive"
"290",127311,115216,120572,140498,146626,164833,180389,167765,136221,162942,163922,173178,191543,198299,179273,146778,174450,175517,183287,112323,208187,155530,140235,160570,188217,202555,223610,232785,215546,181011,2229.80088987764,134411.052873563,0.000237614399449362,207,"Positive"
"291",115216,120572,140498,146626,164833,180389,167765,136221,162942,163922,173178,191543,198299,179273,146778,174450,175517,183287,112323,208187,155530,140235,160570,188217,202555,223610,232785,215546,181011,194861,2109.49655172414,138527.436781609,0.000359433592929596,201,"Positive"
"292",120572,140498,146626,164833,180389,167765,136221,162942,163922,173178,191543,198299,179273,146778,174450,175517,183287,112323,208187,155530,140235,160570,188217,202555,223610,232785,215546,181011,194861,224490,2066.87764182425,142830.496551724,0.000359433592929596,201,"Positive"
"293",140498,146626,164833,180389,167765,136221,162942,163922,173178,191543,198299,179273,146778,174450,175517,183287,112323,208187,155530,140235,160570,188217,202555,223610,232785,215546,181011,194861,224490,222535,1999.96351501669,147266.432183908,0.000470800451258847,197,"Positive"
"294",146626,164833,180389,167765,136221,162942,163922,173178,191543,198299,179273,146778,174450,175517,183287,112323,208187,155530,140235,160570,188217,202555,223610,232785,215546,181011,194861,224490,222535,231516,2083.0447163515,149012.606896552,0.000359433592929596,201,"Positive"
"295",164833,180389,167765,136221,162942,163922,173178,191543,198299,179273,146778,174450,175517,183287,112323,208187,155530,140235,160570,188217,202555,223610,232785,215546,181011,194861,224490,222535,231516,239976,2222.47119021135,149963.163218391,0.000237614399449362,207,"Positive"
"296",180389,167765,136221,162942,163922,173178,191543,198299,179273,146778,174450,175517,183287,112323,208187,155530,140235,160570,188217,202555,223610,232785,215546,181011,194861,224490,222535,231516,239976,217385,2300.17975528365,150510.413793103,0.000179235774372956,211,"Positive"
"297",167765,136221,162942,163922,173178,191543,198299,179273,146778,174450,175517,183287,112323,208187,155530,140235,160570,188217,202555,223610,232785,215546,181011,194861,224490,222535,231516,239976,217385,187804,2270.94349276974,151210.742528736,0.000206495575911844,209,"Positive"
"298",136221,162942,163922,173178,191543,198299,179273,146778,174450,175517,183287,112323,208187,155530,140235,160570,188217,202555,223610,232785,215546,181011,194861,224490,222535,231516,239976,217385,187804,193712,2189.46206896552,153338.604597701,0.000359433592929596,201,"Positive"
"299",162942,163922,173178,191543,198299,179273,146778,174450,175517,183287,112323,208187,155530,140235,160570,188217,202555,223610,232785,215546,181011,194861,224490,222535,231516,239976,217385,187804,193712,210104,1984.64582869855,158976.022988506,0.000905244363690124,187,"Positive"
"300",163922,173178,191543,198299,179273,146778,174450,175517,183287,112323,208187,155530,140235,160570,188217,202555,223610,232785,215546,181011,194861,224490,222535,231516,239976,217385,187804,193712,210104,246644,2166.9808676307,158939.896551724,0.000470800451258847,197,"Positive"
"301",173178,191543,198299,179273,146778,174450,175517,183287,112323,208187,155530,140235,160570,188217,202555,223610,232785,215546,181011,194861,224490,222535,231516,239976,217385,187804,193712,210104,246644,239678,2273.89032258065,159808,0.000313491870351214,203,"Positive"
"302",191543,198299,179273,146778,174450,175517,183287,112323,208187,155530,140235,160570,188217,202555,223610,232785,215546,181011,194861,224490,222535,231516,239976,217385,187804,193712,210104,246644,239678,251935,2490.00489432703,159083.457471264,0.000155386821235651,213,"Positive"
"303",198299,179273,146778,174450,175517,183287,112323,208187,155530,140235,160570,188217,202555,223610,232785,215546,181011,194861,224490,222535,231516,239976,217385,187804,193712,210104,246644,239678,251935,191894,2410.37130144605,160329.478160919,0.000313491870351214,203,"Positive"
"304",179273,146778,174450,175517,183287,112323,208187,155530,140235,160570,188217,202555,223610,232785,215546,181011,194861,224490,222535,231516,239976,217385,187804,193712,210104,246644,239678,251935,191894,187746,2350.41334816463,160907.059770115,0.000537853013301344,195,"Positive"
"305",146778,174450,175517,183287,112323,208187,155530,140235,160570,188217,202555,223610,232785,215546,181011,194861,224490,222535,231516,239976,217385,187804,193712,210104,246644,239678,251935,191894,187746,199099,2237.18220244716,163323.009195402,0.00132096562716169,181,"Positive"
"306",174450,175517,183287,112323,208187,155530,140235,160570,188217,202555,223610,232785,215546,181011,194861,224490,222535,231516,239976,217385,187804,193712,210104,246644,239678,251935,191894,187746,199099,198067,1884.36818687431,170501.259770115,0.00600480708886842,155,"Positive"
"307",175517,183287,112323,208187,155530,140235,160570,188217,202555,223610,232785,215546,181011,194861,224490,222535,231516,239976,217385,187804,193712,210104,246644,239678,251935,191894,187746,199099,198067,229561,1902.76218020022,172053.186206896,0.00744722722906271,151,"Positive"
"308",183287,112323,208187,155530,140235,160570,188217,202555,223610,232785,215546,181011,194861,224490,222535,231516,239976,217385,187804,193712,210104,246644,239678,251935,191894,187746,199099,198067,229561,194166,1675.63893214683,176195.229885057,0.0295099933695599,123,"Positive"
"309",112323,208187,155530,140235,160570,188217,202555,223610,232785,215546,181011,194861,224490,222535,231516,239976,217385,187804,193712,210104,246644,239678,251935,191894,187746,199099,198067,229561,194166,97615,870.894549499445,185813.034482759,0.186756137760826,75,"None"
"310",208187,155530,140235,160570,188217,202555,223610,232785,215546,181011,194861,224490,222535,231516,239976,217385,187804,193712,210104,246644,239678,251935,191894,187746,199099,198067,229561,194166,97615,226303,445.107230255843,196212.071264368,0.268664230423909,63,"None"
"311",155530,140235,160570,188217,202555,223610,232785,215546,181011,194861,224490,222535,231516,239976,217385,187804,193712,210104,246644,239678,251935,191894,187746,199099,198067,229561,194166,97615,226303,155634,173.807786429368,198665.445977011,0.475449049528266,41,"None"
"312",140235,160570,188217,202555,223610,232785,215546,181011,194861,224490,222535,231516,239976,217385,187804,193712,210104,246644,239678,251935,191894,187746,199099,198067,229561,194166,97615,226303,155634,174651,-314.570189098998,206872.671264368,0.943107961671761,-5,"None"
"313",160570,188217,202555,223610,232785,215546,181011,194861,224490,222535,231516,239976,217385,187804,193712,210104,246644,239678,251935,191894,187746,199099,198067,229561,194166,97615,226303,155634,174651,200191,-752.164404894326,215653.914942529,0.568058623631595,-33,"None"
"314",188217,202555,223610,232785,215546,181011,194861,224490,222535,231516,239976,217385,187804,193712,210104,246644,239678,251935,191894,187746,199099,198067,229561,194166,97615,226303,155634,174651,200191,233634,-860.432703003335,219767.540229885,0.520693269833088,-37,"None"
"315",202555,223610,232785,215546,181011,194861,224490,222535,231516,239976,217385,187804,193712,210104,246644,239678,251935,191894,187746,199099,198067,229561,194166,97615,226303,155634,174651,200191,233634,235565,-798.0829810901,220379.386206897,0.568058623631595,-33,"None"
"316",223610,232785,215546,181011,194861,224490,222535,231516,239976,217385,187804,193712,210104,246644,239678,251935,191894,187746,199099,198067,229561,194166,97615,226303,155634,174651,200191,233634,235565,153510,-1187.30456062291,224777.487356322,0.268664230423909,-63,"None"
"317",232785,215546,181011,194861,224490,222535,231516,239976,217385,187804,193712,210104,246644,239678,251935,191894,187746,199099,198067,229561,194166,97615,226303,155634,174651,200191,233634,235565,153510,300416,-461.716573971079,216091.073563218,0.642743176068421,-27,"None"
"318",215546,181011,194861,224490,222535,231516,239976,217385,187804,193712,210104,246644,239678,251935,191894,187746,199099,198067,229561,194166,97615,226303,155634,174651,200191,233634,235565,153510,300416,208741,-298.478309232482,212759.413793104,0.830475024124481,-13,"None"
"319",181011,194861,224490,222535,231516,239976,217385,187804,193712,210104,246644,239678,251935,191894,187746,199099,198067,229561,194166,97615,226303,155634,174651,200191,233634,235565,153510,300416,208741,184299,-401.121913236931,213308.822988506,0.617392769071009,-29,"None"
"320",194861,224490,222535,231516,239976,217385,187804,193712,210104,246644,239678,251935,191894,187746,199099,198067,229561,194166,97615,226303,155634,174651,200191,233634,235565,153510,300416,208741,184299,235048,-400.622024471636,215102.308045977,0.568058623631595,-33,"None"
"321",224490,222535,231516,239976,217385,187804,193712,210104,246644,239678,251935,191894,187746,199099,198067,229561,194166,97615,226303,155634,174651,200191,233634,235565,153510,300416,208741,184299,235048,255389,-197.415795328144,213970.211494253,0.802761791874143,-15,"None"
"322",222535,231516,239976,217385,187804,193712,210104,246644,239678,251935,191894,187746,199099,198067,229561,194166,97615,226303,155634,174651,200191,233634,235565,153510,300416,208741,184299,235048,255389,278065,329.493882091212,207588.944827586,0.775294429517785,17,"None"
"323",231516,239976,217385,187804,193712,210104,246644,239678,251935,191894,187746,199099,198067,229561,194166,97615,226303,155634,174651,200191,233634,235565,153510,300416,208741,184299,235048,255389,278065,293247,917.031590656284,200839.177011494,0.411824334732491,47,"None"
"324",239976,217385,187804,193712,210104,246644,239678,251935,191894,187746,199099,198067,229561,194166,97615,226303,155634,174651,200191,233634,235565,153510,300416,208741,184299,235048,255389,278065,293247,262657,1337.68987764182,195357.006896552,0.175125146338078,77,"None"
"325",217385,187804,193712,210104,246644,239678,251935,191894,187746,199099,198067,229561,194166,97615,226303,155634,174651,200191,233634,235565,153510,300416,208741,184299,235048,255389,278065,293247,262657,213268,1484.19844271413,192195.857471264,0.100719626764514,93,"None"
"326",187804,193712,210104,246644,239678,251935,191894,187746,199099,198067,229561,194166,97615,226303,155634,174651,200191,233634,235565,153510,300416,208741,184299,235048,255389,278065,293247,262657,213268,214982,1497.84849833148,191904.181609195,0.0803911475421804,99,"None"
"327",193712,210104,246644,239678,251935,191894,187746,199099,198067,229561,194166,97615,226303,155634,174651,200191,233634,235565,153510,300416,208741,184299,235048,255389,278065,293247,262657,213268,214982,226954,1385.79955506118,194945.940229885,0.124948816854971,87,"None"
"328",210104,246644,239678,251935,191894,187746,199099,198067,229561,194166,97615,226303,155634,174651,200191,233634,235565,153510,300416,208741,184299,235048,255389,278065,293247,262657,213268,214982,226954,230349,1318.97931034483,197202.887356322,0.164043432144205,79,"None"
"329",246644,239678,251935,191894,187746,199099,198067,229561,194166,97615,226303,155634,174651,200191,233634,235565,153510,300416,208741,184299,235048,255389,278065,293247,262657,213268,214982,226954,230349,235614,1382.87385984427,197062.855172414,0.124948816854971,87,"None"
"330",239678,251935,191894,187746,199099,198067,229561,194166,97615,226303,155634,174651,200191,233634,235565,153510,300416,208741,184299,235048,255389,278065,293247,262657,213268,214982,226954,230349,235614,242748,1733.44382647386,191499.154022989,0.0322801899241516,121,"Positive"
"331",251935,191894,187746,199099,198067,229561,194166,97615,226303,155634,174651,200191,233634,235565,153510,300416,208741,184299,235048,255389,278065,293247,262657,213268,214982,226954,230349,235614,242748,201639,1772.48654060067,189626.025287356,0.0223919929803152,129,"Positive"
"332",191894,187746,199099,198067,229561,194166,97615,226303,155634,174651,200191,233634,235565,153510,300416,208741,184299,235048,255389,278065,293247,262657,213268,214982,226954,230349,235614,242748,201639,177793,1759.14015572859,187361.494252873,0.024578108913373,127,"Positive"
"333",187746,199099,198067,229561,194166,97615,226303,155634,174651,200191,233634,235565,153510,300416,208741,184299,235048,255389,278065,293247,262657,213268,214982,226954,230349,235614,242748,201639,177793,143391,1142.75817575084,195298.648275862,0.133965335639245,85,"None"
"334",199099,198067,229561,194166,97615,226303,155634,174651,200191,233634,235565,153510,300416,208741,184299,235048,255389,278065,293247,262657,213268,214982,226954,230349,235614,242748,201639,177793,143391,176738,734.492102335929,201259.83908046,0.372365302198027,51,"None"
"335",198067,229561,194166,97615,226303,155634,174651,200191,233634,235565,153510,300416,208741,184299,235048,255389,278065,293247,262657,213268,214982,226954,230349,235614,242748,201639,177793,143391,176738,183204,451.136596218021,205122.016091954,0.642743176068421,27,"None"
"336",229561,194166,97615,226303,155634,174651,200191,233634,235565,153510,300416,208741,184299,235048,255389,278065,293247,262657,213268,214982,226954,230349,235614,242748,201639,177793,143391,176738,183204,193750,235.774860956619,208316.222988506,0.914752339084737,7,"None"
"337",194166,97615,226303,155634,174651,200191,233634,235565,153510,300416,208741,184299,235048,255389,278065,293247,262657,213268,214982,226954,230349,235614,242748,201639,177793,143391,176738,183204,193750,190677,219.708120133484,207269.124137931,0.971535873887993,3,"None"
"338",97615,226303,155634,174651,200191,233634,235565,153510,300416,208741,184299,235048,255389,278065,293247,262657,213268,214982,226954,230349,235614,242748,201639,177793,143391,176738,183204,193750,190677,170622,-152.548164627364,212254.296551724,0.668516622480709,-25,"None"
"339",226303,155634,174651,200191,233634,235565,153510,300416,208741,184299,235048,255389,278065,293247,262657,213268,214982,226954,230349,235614,242748,201639,177793,143391,176738,183204,193750,190677,170622,131031,-1435.62358175751,233255.832183908,0.143477081519571,-83,"None"
"340",155634,174651,200191,233634,235565,153510,300416,208741,184299,235048,255389,278065,293247,262657,213268,214982,226954,230349,235614,242748,201639,177793,143391,176738,183204,193750,190677,170622,131031,151969,-1710.97975528365,235046.052873563,0.0687917281714642,-103,"None"
"341",174651,200191,233634,235565,153510,300416,208741,184299,235048,255389,278065,293247,262657,213268,214982,226954,230349,235614,242748,201639,177793,143391,176738,183204,193750,190677,170622,131031,151969,147570,-2469.0149054505,246526.797701149,0.00827904897359573,-149,"Negative"
"342",200191,233634,235565,153510,300416,208741,184299,235048,255389,278065,293247,262657,213268,214982,226954,230349,235614,242748,201639,177793,143391,176738,183204,193750,190677,170622,131031,151969,147570,153239,-3055.7361512792,254907.243678161,0.000905244363690124,-187,"Negative"
"343",233634,235565,153510,300416,208741,184299,235048,255389,278065,293247,262657,213268,214982,226954,230349,235614,242748,201639,177793,143391,176738,183204,193750,190677,170622,131031,151969,147570,153239,169260,-3353.43114571746,258490.482758621,0.000237614399449362,-207,"Negative"
"344",235565,153510,300416,208741,184299,235048,255389,278065,293247,262657,213268,214982,226954,230349,235614,242748,201639,177793,143391,176738,183204,193750,190677,170622,131031,151969,147570,153239,169260,166494,-3424.56751946607,257355.096551724,0.000155386821235651,-213,"Negative"
"345",153510,300416,208741,184299,235048,255389,278065,293247,262657,213268,214982,226954,230349,235614,242748,201639,177793,143391,176738,183204,193750,190677,170622,131031,151969,147570,153239,169260,166494,142322,-3608.46184649611,257097.35862069,6.43154892739737e-05,-225,"Negative"
"346",300416,208741,184299,235048,255389,278065,293247,262657,213268,214982,226954,230349,235614,242748,201639,177793,143391,176738,183204,193750,190677,170622,131031,151969,147570,153239,169260,166494,142322,112019,-4512.26852057842,269723.328735632,1.45675482722789e-06,-271,"Negative"
"347",208741,184299,235048,255389,278065,293247,262657,213268,214982,226954,230349,235614,242748,201639,177793,143391,176738,183204,193750,190677,170622,131031,151969,147570,153239,169260,166494,142322,112019,135173,-4235.08876529477,259918.942528736,2.07771860337669e-06,-267,"Negative"
"348",184299,235048,255389,278065,293247,262657,213268,214982,226954,230349,235614,242748,201639,177793,143391,176738,183204,193750,190677,170622,131031,151969,147570,153239,169260,166494,142322,112019,135173,115333,-4644.62736373749,263153.190804598,3.35133976940833e-07,-287,"Negative"
"349",235048,255389,278065,293247,262657,213268,214982,226954,230349,235614,242748,201639,177793,143391,176738,183204,193750,190677,170622,131031,151969,147570,153239,169260,166494,142322,112019,135173,115333,121611,-5140.66740823137,268752.211494253,3.18919747683228e-08,-311,"Negative"
"350",255389,278065,293247,262657,213268,214982,226954,230349,235614,242748,201639,177793,143391,176738,183204,193750,190677,170622,131031,151969,147570,153239,169260,166494,142322,112019,135173,115333,121611,123924,-5243.89944382647,266648.174712644,1.72270581382807e-08,-317,"Negative"
"351",278065,293247,262657,213268,214982,226954,230349,235614,242748,201639,177793,143391,176738,183204,193750,190677,170622,131031,151969,147570,153239,169260,166494,142322,112019,135173,115333,121611,123924,134362,-5090.06340378198,260229.482758621,2.6005341168214e-08,-313,"Negative"
"352",293247,262657,213268,214982,226954,230349,235614,242748,201639,177793,143391,176738,183204,193750,190677,170622,131031,151969,147570,153239,169260,166494,142322,112019,135173,115333,121611,123924,134362,103987,-4921.95928809788,251821.268965517,2.11790193042267e-08,-315,"Negative"
"353",262657,213268,214982,226954,230349,235614,242748,201639,177793,143391,176738,183204,193750,190677,170622,131031,151969,147570,153239,169260,166494,142322,112019,135173,115333,121611,123924,134362,103987,89659,-4664.13637374861,241038.747126437,2.11790193042267e-08,-315,"Negative"
"354",213268,214982,226954,230349,235614,242748,201639,177793,143391,176738,183204,193750,190677,170622,131031,151969,147570,153239,169260,166494,142322,112019,135173,115333,121611,123924,134362,103987,89659,90343,-4522.28186874305,233096.202298851,2.6005341168214e-08,-313,"Negative"
"355",214982,226954,230349,235614,242748,201639,177793,143391,176738,183204,193750,190677,170622,131031,151969,147570,153239,169260,166494,142322,112019,135173,115333,121611,123924,134362,103987,89659,90343,95620,-4610.32680756396,230539.298850575,1.39951711506232e-08,-319,"Negative"
"356",226954,230349,235614,242748,201639,177793,143391,176738,183204,193750,190677,170622,131031,151969,147570,153239,169260,166494,142322,112019,135173,115333,121611,123924,134362,103987,89659,90343,95620,95139,-4637.30812013348,226962.742528736,9.20231794228831e-09,-323,"Negative"
"357",230349,235614,242748,201639,177793,143391,176738,183204,193750,190677,170622,131031,151969,147570,153239,169260,166494,142322,112019,135173,115333,121611,123924,134362,103987,89659,90343,95620,95139,105697,-4460.28498331479,220176.983908046,1.39951711506232e-08,-319,"Negative"
"358",235614,242748,201639,177793,143391,176738,183204,193750,190677,170622,131031,151969,147570,153239,169260,166494,142322,112019,135173,115333,121611,123924,134362,103987,89659,90343,95620,95139,105697,99609,-4245.17352614015,212484.756321839,2.11790193042267e-08,-315,"Negative"
"359",242748,201639,177793,143391,176738,183204,193750,190677,170622,131031,151969,147570,153239,169260,166494,142322,112019,135173,115333,121611,123924,134362,103987,89659,90343,95620,95139,105697,99609,87119,-4016.16106785317,203985.229885057,1.72270581382807e-08,-317,"Negative"
"360",201639,177793,143391,176738,183204,193750,190677,170622,131031,151969,147570,153239,169260,166494,142322,112019,135173,115333,121611,123924,134362,103987,89659,90343,95620,95139,105697,99609,87119,65020,-3814.45161290322,194934.466666667,1.72270581382807e-08,-317,"Negative"
"361",177793,143391,176738,183204,193750,190677,170622,131031,151969,147570,153239,169260,166494,142322,112019,135173,115333,121611,123924,134362,103987,89659,90343,95620,95139,105697,99609,87119,65020,54194,-3887.01957730812,191144.436781609,1.72270581382807e-08,-317,"Negative"
"362",143391,176738,183204,193750,190677,170622,131031,151969,147570,153239,169260,166494,142322,112019,135173,115333,121611,123924,134362,103987,89659,90343,95620,95139,105697,99609,87119,65020,54194,62724,-4003.4064516129,189112.8,1.13555185480442e-08,-321,"Negative"
"363",176738,183204,193750,190677,170622,131031,151969,147570,153239,169260,166494,142322,112019,135173,115333,121611,123924,134362,103987,89659,90343,95620,95139,105697,99609,87119,65020,54194,62724,70104,-4258.23692992214,190619.772413793,2.53934656966137e-09,-335,"Negative"
"364",183204,193750,190677,170622,131031,151969,147570,153239,169260,166494,142322,112019,135173,115333,121611,123924,134362,103987,89659,90343,95620,95139,105697,99609,87119,65020,54194,62724,70104,69556,-4254.01535038932,186981.604597701,2.53934656966137e-09,-335,"Negative"
"365",193750,190677,170622,131031,151969,147570,153239,169260,166494,142322,112019,135173,115333,121611,123924,134362,103987,89659,90343,95620,95139,105697,99609,87119,65020,54194,62724,70104,69556,79595,-4092.74349276974,181028.257471264,4.8611109294049e-09,-329,"Negative"
"366",190677,170622,131031,151969,147570,153239,169260,166494,142322,112019,135173,115333,121611,123924,134362,103987,89659,90343,95620,95139,105697,99609,87119,65020,54194,62724,70104,69556,79595,71514,-3864.77641824249,173420.234482759,1.39951711506232e-08,-319,"Negative"
"367",170622,131031,151969,147570,153239,169260,166494,142322,112019,135173,115333,121611,123924,134362,103987,89659,90343,95620,95139,105697,99609,87119,65020,54194,62724,70104,69556,79595,71514,57051,-3696.92458286985,166364.331034483,1.72270581382807e-08,-317,"Negative"
"368",131031,151969,147570,153239,169260,166494,142322,112019,135173,115333,121611,123924,134362,103987,89659,90343,95620,95139,105697,99609,87119,65020,54194,62724,70104,69556,79595,71514,57051,56223,-3613.26963292547,161254.379310345,2.11790193042267e-08,-315,"Negative"
"369",151969,147570,153239,169260,166494,142322,112019,135173,115333,121611,123924,134362,103987,89659,90343,95620,95139,105697,99609,87119,65020,54194,62724,70104,69556,79595,71514,57051,56223,72255,-3648.32324805339,159838.510344828,2.11790193042267e-08,-315,"Negative"
"370",147570,153239,169260,166494,142322,112019,135173,115333,121611,123924,134362,103987,89659,90343,95620,95139,105697,99609,87119,65020,54194,62724,70104,69556,79595,71514,57051,56223,72255,74700,-3497.05094549499,154918.156321839,7.12494753977835e-08,-303,"Negative"
"371",153239,169260,166494,142322,112019,135173,115333,121611,123924,134362,103987,89659,90343,95620,95139,105697,99609,87119,65020,54194,62724,70104,69556,79595,71514,57051,56223,72255,74700,77495,-3323.7043381535,149895.450574713,2.77357597717396e-07,-289,"Negative"
"372",169260,166494,142322,112019,135173,115333,121611,123924,134362,103987,89659,90343,95620,95139,105697,99609,87119,65020,54194,62724,70104,69556,79595,71514,57051,56223,72255,74700,77495,76929,-3083.73370411568,143632.23908046,1.21754736652894e-06,-273,"Negative"
"373",166494,142322,112019,135173,115333,121611,123924,134362,103987,89659,90343,95620,95139,105697,99609,87119,65020,54194,62724,70104,69556,79595,71514,57051,56223,72255,74700,77495,76929,64393,-2780.19755283649,135431.862068966,2.4767767645291e-06,-265,"Negative"
"374",142322,112019,135173,115333,121611,123924,134362,103987,89659,90343,95620,95139,105697,99609,87119,65020,54194,62724,70104,69556,79595,71514,57051,56223,72255,74700,77495,76929,64393,51239,-2533.94238042269,127773.073563218,2.4767767645291e-06,-265,"Negative"
"375",112019,135173,115333,121611,123924,134362,103987,89659,90343,95620,95139,105697,99609,87119,65020,54194,62724,70104,69556,79595,71514,57051,56223,72255,74700,77495,76929,64393,51239,58912,-2353.60600667408,122197.526436782,4.94037412522472e-06,-257,"Negative"
"376",135173,115333,121611,123924,134362,103987,89659,90343,95620,95139,105697,99609,87119,65020,54194,62724,70104,69556,79595,71514,57051,56223,72255,74700,77495,76929,64393,51239,58912,57041,-2357.21446051168,120420.857471264,3.50661724557332e-06,-261,"Negative"
"377",115333,121611,123924,134362,103987,89659,90343,95620,95139,105697,99609,87119,65020,54194,62724,70104,69556,79595,71514,57051,56223,72255,74700,77495,76929,64393,51239,58912,57041,67194,-2111.17508342603,114341.28045977,1.57785323564705e-05,-243,"Negative"
"378",121611,123924,134362,103987,89659,90343,95620,95139,105697,99609,87119,65020,54194,62724,70104,69556,79595,71514,57051,56223,72255,74700,77495,76929,64393,51239,58912,57041,67194,67998,-1966.5296996663,110521.443678161,4.7468236816719e-05,-229,"Negative"
"379",123924,134362,103987,89659,90343,95620,95139,105697,99609,87119,65020,54194,62724,70104,69556,79595,71514,57051,56223,72255,74700,77495,76929,64393,51239,58912,57041,67194,67998,66403,-1767.81690767519,105601.128735632,0.000134548484032428,-215,"Negative"
"380",134362,103987,89659,90343,95620,95139,105697,99609,87119,65020,54194,62724,70104,69556,79595,71514,57051,56223,72255,74700,77495,76929,64393,51239,58912,57041,67194,67998,66403,58195,-1581.54304783092,100522.917241379,0.000237614399449362,-207,"Negative"
"381",103987,89659,90343,95620,95139,105697,99609,87119,65020,54194,62724,70104,69556,79595,71514,57051,56223,72255,74700,77495,76929,64393,51239,58912,57041,67194,67998,66403,58195,40966,-1405.19243604004,94676.2827586207,0.000237614399449362,-207,"Negative"
"382",89659,90343,95620,95139,105697,99609,87119,65020,54194,62724,70104,69556,79595,71514,57051,56223,72255,74700,77495,76929,64393,51239,58912,57041,67194,67998,66403,58195,40966,45014,-1370.65294771969,92175.1540229885,0.000237614399449362,-207,"Negative"
"383",90343,95620,95139,105697,99609,87119,65020,54194,62724,70104,69556,79595,71514,57051,56223,72255,74700,77495,76929,64393,51239,58912,57041,67194,67998,66403,58195,40966,45014,57695,-1326.87497219132,90431.1287356322,0.000313491870351214,-203,"Negative"
"384",95620,95139,105697,99609,87119,65020,54194,62724,70104,69556,79595,71514,57051,56223,72255,74700,77495,76929,64393,51239,58912,57041,67194,67998,66403,58195,40966,45014,57695,57939,-1262.58353726363,88354.4781609195,0.000537853013301344,-195,"Negative"
"385",95139,105697,99609,87119,65020,54194,62724,70104,69556,79595,71514,57051,56223,72255,74700,77495,76929,64393,51239,58912,57041,67194,67998,66403,58195,40966,45014,57695,57939,62404,-1118.67474972191,85016.691954023,0.00168935460930561,-177,"Negative"
"386",105697,99609,87119,65020,54194,62724,70104,69556,79595,71514,57051,56223,72255,74700,77495,76929,64393,51239,58912,57041,67194,67998,66403,58195,40966,45014,57695,57939,62404,61204,-971.046051167964,81597.2804597701,0.00481910956115765,-159,"Negative"
"387",99609,87119,65020,54194,62724,70104,69556,79595,71514,57051,56223,72255,74700,77495,76929,64393,51239,58912,57041,67194,67998,66403,58195,40966,45014,57695,57939,62404,61204,53215,-787.046496106785,76995.8873563218,0.00669115449396484,-153,"Negative"
"388",87119,65020,54194,62724,70104,69556,79595,71514,57051,56223,72255,74700,77495,76929,64393,51239,58912,57041,67194,67998,66403,58195,40966,45014,57695,57939,62404,61204,53215,38222,-718.410901001112,73885.8022988506,0.00669115449396484,-153,"Negative"
"389",65020,54194,62724,70104,69556,79595,71514,57051,56223,72255,74700,77495,76929,64393,51239,58912,57041,67194,67998,66403,58195,40966,45014,57695,57939,62404,61204,53215,38222,56649,-589.715906562847,70875.3632183908,0.013814067737925,-139,"Negative"
"390",54194,62724,70104,69556,79595,71514,57051,56223,72255,74700,77495,76929,64393,51239,58912,57041,67194,67998,66403,58195,40966,45014,57695,57939,62404,61204,53215,38222,56649,53811,-618.180200222469,70942.9264367816,0.00744722722906271,-151,"Negative"
"391",62724,70104,69556,79595,71514,57051,56223,72255,74700,77495,76929,64393,51239,58912,57041,67194,67998,66403,58195,40966,45014,57695,57939,62404,61204,53215,38222,56649,53811,58971,-683.028921023358,72107.3149425287,0.00272388588916891,-169,"Negative"
"392",70104,69556,79595,71514,57051,56223,72255,74700,77495,76929,64393,51239,58912,57041,67194,67998,66403,58195,40966,45014,57695,57939,62404,61204,53215,38222,56649,53811,58971,60381,-682.0787541713,72014.4873563218,0.00384939214395878,-163,"Negative"
