"","x14","x13","x12","x11","x10","x9","x8","x7","x6","x5","x4","x3","x2","x1","A","B","mk_pvalue","S","Class"
"1",0,1,0,3,0,0,1,0,2,0,0,3,0,0,-1.47214139574591e-17,0.714285714285714,0.897207949057173,-3,"None"
"2",1,0,3,0,0,1,0,2,0,0,3,0,0,1,-0.0153846153846154,0.901098901098901,0.901973056130859,-3,"None"
"3",0,3,0,0,1,0,2,0,0,3,0,0,1,0,-0.0307692307692308,0.945054945054945,0.897207949057173,-3,"None"
"4",3,0,0,1,0,2,0,0,3,0,0,1,0,0,-0.0747252747252747,1.27472527472527,0.438259806471752,-13,"None"
"5",0,0,1,0,2,0,0,3,0,0,1,0,0,0,-0.0197802197802198,0.648351648351648,0.781340466967976,-5,"None"
"6",0,1,0,2,0,0,3,0,0,1,0,0,0,0,-0.0505494505494506,0.879120879120879,0.405003901151672,-13,"None"
"7",1,0,2,0,0,3,0,0,1,0,0,0,0,1,-0.0527472527472527,0.967032967032967,0.559635262985094,-10,"None"
"8",0,2,0,0,3,0,0,1,0,0,0,0,1,0,-0.054945054945055,0.912087912087912,0.677147397182299,-7,"None"
"9",2,0,0,3,0,0,1,0,0,0,0,1,0,1,-0.0571428571428571,1,0.845814838625758,-4,"None"
"10",0,0,3,0,0,1,0,0,0,0,1,0,1,0,-0.0263736263736264,0.626373626373626,0.88890804159074,3,"None"
"11",0,3,0,0,1,0,0,0,0,1,0,1,0,0,-0.0527472527472527,0.824175824175824,0.779959265939651,-5,"None"
"12",3,0,0,1,0,0,0,0,1,0,1,0,0,0,-0.0791208791208791,1.02197802197802,0.401965358356735,-13,"None"
"13",0,0,1,0,0,0,0,1,0,1,0,0,0,0,-0.0065934065934066,0.263736263736264,0.876269663627762,-3,"None"
"14",0,1,0,0,0,0,1,0,1,0,0,0,0,0,-0.0197802197802198,0.362637362637363,0.533416513472694,-9,"None"
"15",1,0,0,0,0,1,0,1,0,0,0,0,0,0,-0.0329670329670329,0.461538461538461,0.275757847827509,-15,"None"
"16",0,0,0,0,1,0,1,0,0,0,0,0,0,0,-0.0131868131868132,0.241758241758242,0.648076868139146,-6,"None"
"17",0,0,0,1,0,1,0,0,0,0,0,0,0,2,0.0351648351648352,0.021978021978022,0.757387468933412,5,"None"
"18",0,0,1,0,1,0,0,0,0,0,0,0,2,0,0.0175824175824176,0.153846153846154,1,-1,"None"
"19",0,1,0,1,0,0,0,0,0,0,0,2,0,0,-1.47214139574591e-17,0.285714285714286,0.643099199543613,-7,"None"
"20",1,0,1,0,0,0,0,0,0,0,2,0,0,0,-0.0175824175824176,0.417582417582417,0.354061574507851,-13,"None"
"21",0,1,0,0,0,0,0,0,0,2,0,0,0,0,-0.0021978021978022,0.230769230769231,0.716129568855565,-5,"None"
"22",1,0,0,0,0,0,0,0,2,0,0,0,0,0,-0.0153846153846154,0.32967032967033,0.467058901715173,-9,"None"
"23",0,0,0,0,0,0,0,2,0,0,0,0,0,1,0.032967032967033,-0.0329670329670329,0.275312886521963,13,"None"
"24",0,0,0,0,0,0,2,0,0,0,0,0,1,0,0.0197802197802198,0.065934065934066,0.467058901715173,9,"None"
"25",0,0,0,0,0,2,0,0,0,0,0,1,0,8,0.235164835164835,-0.978021978021978,0.143472316223903,20,"None"
"26",0,0,0,0,2,0,0,0,0,0,1,0,8,7,0.386813186813187,-1.61538461538462,0.061606096917465,28,"None"
"27",0,0,0,2,0,0,0,0,0,1,0,8,7,23,0.964835164835165,-4.30769230769231,0.0205712083586906,37,"None"
"28",0,0,2,0,0,0,0,0,1,0,8,7,23,19,1.32747252747253,-5.67032967032967,0.0103484181493895,43,"None"
"29",0,2,0,0,0,0,0,1,0,8,7,23,19,33,2.00659340659341,-8.40659340659341,0.00396803036826288,50,"Positive"
"30",2,0,0,0,0,0,1,0,8,7,23,19,33,77,3.7978021978022,-16.3406593406593,0.00164632935893331,56,"Positive"
"31",0,0,0,0,0,1,0,8,7,23,19,33,77,53,4.63076923076923,-18.9450549450549,0.000125915128528423,68,"Positive"
"32",0,0,0,0,1,0,8,7,23,19,33,77,53,166,8.4021978021978,-35.3736263736264,5.25642144308973e-05,73,"Positive"
"33",0,0,0,1,0,8,7,23,19,33,77,53,166,116,10.0153846153846,-39.1868131868132,4.04697289253777e-05,75,"Positive"
"34",0,0,1,0,8,7,23,19,33,77,53,166,116,75,9.94725274725275,-33.3186813186813,9.29011743173615e-05,72,"Positive"
"35",0,1,0,8,7,23,19,33,77,53,166,116,75,188,12.778021978022,-41.1208791208791,6.27087263898633e-05,74,"Positive"
"36",1,0,8,7,23,19,33,77,53,166,116,75,188,365,19.8395604395604,-68.010989010989,5.09726482716942e-05,75,"Positive"
"37",0,8,7,23,19,33,77,53,166,116,75,188,365,439,27.443956043956,-93.7582417582418,3.17396401376735e-05,77,"Positive"
"38",8,7,23,19,33,77,53,166,116,75,188,365,439,633,38.632967032967,-132.461538461538,3.17396401376735e-05,77,"Positive"
"39",7,23,19,33,77,53,166,116,75,188,365,439,633,759,50.9032967032967,-170.846153846154,1.95384089480406e-05,79,"Positive"
"40",23,19,33,77,53,166,116,75,188,365,439,633,759,234,44.8395604395604,-109.153846153846,0.000127032217098857,71,"Positive"
"41",19,33,77,53,166,116,75,188,365,439,633,759,234,1467,73.5340659340659,-221.21978021978,8.0929046398655e-05,73,"Positive"
"42",33,77,53,166,116,75,188,365,439,633,759,234,1467,1833,106.206593406593,-336.692307692308,8.0929046398655e-05,73,"Positive"
"43",77,53,166,116,75,188,365,439,633,759,234,1467,1833,2657,154.90989010989,-514.538461538462,8.0929046398655e-05,73,"Positive"
"44",53,166,116,75,188,365,439,633,759,234,1467,1833,2657,4494,246.015384615385,-882.32967032967,3.17396401376735e-05,77,"Positive"
"45",166,116,75,188,365,439,633,759,234,1467,1833,2657,4494,6367,370.428571428571,-1364.42857142857,3.17396401376735e-05,77,"Positive"
"46",116,75,188,365,439,633,759,234,1467,1833,2657,4494,6367,5995,460.184615384615,-1621.24175824176,1.95384089480406e-05,79,"Positive"
"47",75,188,365,439,633,759,234,1467,1833,2657,4494,6367,5995,8873,604.898901098901,-2081.0989010989,1.18902146234557e-05,81,"Positive"
"48",188,365,439,633,759,234,1467,1833,2657,4494,6367,5995,8873,11238,777.340659340659,-2577.05494505495,1.18902146234557e-05,81,"Positive"
"49",365,439,633,759,234,1467,1833,2657,4494,6367,5995,8873,11238,10619,886.753846153846,-2652.58241758242,1.95384089480406e-05,79,"Positive"
"50",439,633,759,234,1467,1833,2657,4494,6367,5995,8873,11238,10619,12082,997.951648351648,-2649.63736263736,1.18902146234557e-05,81,"Positive"
"51",633,759,234,1467,1833,2657,4494,6367,5995,8873,11238,10619,12082,17856,1225.05714285714,-3108.85714285714,7.15310990382046e-06,83,"Positive"
"52",759,234,1467,1833,2657,4494,6367,5995,8873,11238,10619,12082,17856,18690,1405.82857142857,-3174.85714285714,4.25399206713995e-06,85,"Positive"
"53",234,1467,1833,2657,4494,6367,5995,8873,11238,10619,12082,17856,18690,19630,1538.23956043956,-2820.01098901099,2.50084819391422e-06,87,"Positive"
"54",1467,1833,2657,4494,6367,5995,8873,11238,10619,12082,17856,18690,19630,18899,1549.50769230769,-1571.30769230769,4.25399206713995e-06,85,"Positive"
"55",1833,2657,4494,6367,5995,8873,11238,10619,12082,17856,18690,19630,18899,22075,1610.12307692308,-553.923076923077,4.25399206713995e-06,85,"Positive"
"56",2657,4494,6367,5995,8873,11238,10619,12082,17856,18690,19630,18899,22075,26314,1713.33406593407,420.637362637366,4.25399206713995e-06,85,"Positive"
"57",4494,6367,5995,8873,11238,10619,12082,17856,18690,19630,18899,22075,26314,32243,1905.5010989011,1092.67032967033,4.25399206713995e-06,85,"Positive"
"58",6367,5995,8873,11238,10619,12082,17856,18690,19630,18899,22075,26314,32243,32235,2027.95164835165,2155.7912087912,7.15310990382046e-06,83,"Positive"
"59",5995,8873,11238,10619,12082,17856,18690,19630,18899,22075,26314,32243,32235,32287,2091.6967032967,3529.13186813186,4.25399206713995e-06,85,"Positive"
"60",8873,11238,10619,12082,17856,18690,19630,18899,22075,26314,32243,32235,32287,32416,2032.92967032967,5857.0989010989,4.25399206713995e-06,85,"Positive"
"61",11238,10619,12082,17856,18690,19630,18899,22075,26314,32243,32235,32287,32416,29877,1880.36263736264,8501.63736263736,3.17396401376735e-05,77,"Positive"
"62",10619,12082,17856,18690,19630,18899,22075,26314,32243,32235,32287,32416,29877,31381,1756.40879120879,10870.0769230769,0.000127032217098857,71,"Positive"
"63",12082,17856,18690,19630,18899,22075,26314,32243,32235,32287,32416,29877,31381,30767,1505.96483516483,14187.5494505495,0.00102093399997058,61,"Positive"
"64",17856,18690,19630,18899,22075,26314,32243,32235,32287,32416,29877,31381,30767,31192,1227.33186813187,17642.2967032967,0.00619562249890606,51,"Positive"
"65",18690,19630,18899,22075,26314,32243,32235,32287,32416,29877,31381,30767,31192,35941,1190.73626373626,19208.5494505495,0.00619562249890606,51,"Positive"
"66",19630,18899,22075,26314,32243,32235,32287,32416,29877,31381,30767,31192,35941,34415,1058.54065934066,21323.2307692308,0.00859504637602393,49,"Positive"
"67",18899,22075,26314,32243,32235,32287,32416,29877,31381,30767,31192,35941,34415,29130,737.213186813186,24411.7582417582,0.100518173207465,31,"None"
"68",22075,26314,32243,32235,32287,32416,29877,31381,30767,31192,35941,34415,29130,27255,296.457142857142,28314.2857142857,0.661415917007863,9,"None"
"69",26314,32243,32235,32287,32416,29877,31381,30767,31192,35941,34415,29130,27255,26930,-85.61098901099,31526.5824175824,0.443421402864083,-15,"None"
"70",32243,32235,32287,32416,29877,31381,30767,31192,35941,34415,29130,27255,26930,28781,-296.386813186814,33283.6153846154,0.0487449207397066,-37,"None"
"71",32235,32287,32416,29877,31381,30767,31192,35941,34415,29130,27255,26930,28781,25440,-418.002197802198,33709.8021978022,0.0160061551531633,-45,"None"
"72",32287,32416,29877,31381,30767,31192,35941,34415,29130,27255,26930,28781,25440,30035,-378.692307692308,33257.8351648352,0.0285390635703624,-41,"None"
"73",32416,29877,31381,30767,31192,35941,34415,29130,27255,26930,28781,25440,30035,33030,-242.426373626374,32288.9120879121,0.188887477539538,-25,"None"
"74",29877,31381,30767,31192,35941,34415,29130,27255,26930,28781,25440,30035,33030,27932,-250.83076923077,32031.6593406593,0.188887477539538,-25,"None"
"75",31381,30767,31192,35941,34415,29130,27255,26930,28781,25440,30035,33030,27932,26096,-375.685714285714,32698,0.0487449207397066,-37,"None"
"76",30767,31192,35941,34415,29130,27255,26930,28781,25440,30035,33030,27932,26096,29828,-327.70989010989,32227.2527472527,0.125311111389424,-29,"None"
"77",31192,35941,34415,29130,27255,26930,28781,25440,30035,33030,27932,26096,29828,25917,-404.892307692309,32459.6923076923,0.0626981162609826,-35,"None"
"78",35941,34415,29130,27255,26930,28781,25440,30035,33030,27932,26096,29828,25917,28859,-362.687912087912,31976.5164835165,0.154629751965815,-27,"None"
"79",34415,29130,27255,26930,28781,25440,30035,33030,27932,26096,29828,25917,28859,33570,-19.0681318681323,29230.010989011,0.912814027184075,-3,"None"
"80",29130,27255,26930,28781,25440,30035,33030,27932,26096,29828,25917,28859,33570,32327,249.151648351649,27069.2197802198,0.324423690521579,19,"None"
"81",27255,26930,28781,25440,30035,33030,27932,26096,29828,25917,28859,33570,32327,30396,297.147252747252,26799.6813186813,0.125311111389424,29,"None"
"82",26930,28781,25440,30035,33030,27932,26096,29828,25917,28859,33570,32327,30396,26501,166.47912087912,27725.8351648352,0.381074481609294,17,"None"
"83",28781,25440,30035,33030,27932,26096,29828,25917,28859,33570,32327,30396,26501,23703,-51.5318681318686,29130.4175824176,1,-1,"None"
"84",25440,30035,33030,27932,26096,29828,25917,28859,33570,32327,30396,26501,23703,24577,-169.364835164836,29713.8791208791,0.511220344688192,-13,"None"
"85",30035,33030,27932,26096,29828,25917,28859,33570,32327,30396,26501,23703,24577,26438,-325.69010989011,30957.6043956044,0.154629751965815,-27,"None"
"86",33030,27932,26096,29828,25917,28859,33570,32327,30396,26501,23703,24577,26438,29220,-255.432967032968,30372.4615384615,0.324423690521579,-19,"None"
"87",27932,26096,29828,25917,28859,33570,32327,30396,26501,23703,24577,26438,29220,34926,80.171428571428,27990.8571428571,0.826665969670155,5,"None"
"88",26096,29828,25917,28859,33570,32327,30396,26501,23703,24577,26438,29220,34926,27350,22.9186813186808,28378.6813186813,0.912814027184075,3,"None"
"89",29828,25917,28859,33570,32327,30396,26501,23703,24577,26438,29220,34926,27350,24297,-179.531868131868,29768.5604395604,0.443421402864083,-15,"None"
"90",25917,28859,33570,32327,30396,26501,23703,24577,26438,29220,34926,27350,24297,24085,-257.098901098901,29940.0989010989,0.273561411724749,-21,"None"
"91",28859,33570,32327,30396,26501,23703,24577,26438,29220,34926,27350,24297,24085,24531,-425.613186813188,31104.9560439561,0.0798019286423907,-33,"None"
"92",33570,32327,30396,26501,23703,24577,26438,29220,34926,27350,24297,24085,24531,24559,-490.246153846154,31282.5604395604,0.0626981162609826,-35,"None"
"93",32327,30396,26501,23703,24577,26438,29220,34926,27350,24297,24085,24531,24559,27412,-299.156043956045,29409.5274725275,0.324423690521579,-19,"None"
"94",30396,26501,23703,24577,26438,29220,34926,27350,24297,24085,24531,24559,27412,26839,-138.347252747253,27811.4615384615,0.826665969670155,-5,"None"
"95",26501,23703,24577,26438,29220,34926,27350,24297,24085,24531,24559,27412,26839,25136,-65.7318681318686,26891.1318681319,0.826665969670155,5,"None"
"96",23703,24577,26438,29220,34926,27350,24297,24085,24531,24559,27412,26839,25136,18867,-277.516483516484,27934.2307692308,0.826665969670155,-5,"None"
"97",24577,26438,29220,34926,27350,24297,24085,24531,24559,27412,26839,25136,18867,19271,-536.443956043957,29559.6153846154,0.154629751965815,-27,"None"
"98",26438,29220,34926,27350,24297,24085,24531,24559,27412,26839,25136,18867,19271,22948,-642.019780219781,30235.0769230769,0.0487449207397066,-37,"None"
"99",29220,34926,27350,24297,24085,24531,24559,27412,26839,25136,18867,19271,22948,20408,-751.654945054945,30626.6263736264,0.0214887391196774,-43,"None"
"100",34926,27350,24297,24085,24531,24559,27412,26839,25136,18867,19271,22948,20408,26818,-559.927472527472,29017.0989010989,0.154629751965815,-27,"None"
"101",27350,24297,24085,24531,24559,27412,26839,25136,18867,19271,22948,20408,26818,24747,-228.703296703297,25805.8461538462,0.584070366945506,-11,"None"
"102",24297,24085,24531,24559,27412,26839,25136,18867,19271,22948,20408,26818,24747,24159,-119.294505494506,24757.3516483517,0.912814027184075,-3,"None"
"103",24085,24531,24559,27412,26839,25136,18867,19271,22948,20408,26818,24747,24159,18363,-262.107692307692,25404.5934065934,0.381074481609294,-17,"None"
"104",24531,24559,27412,26839,25136,18867,19271,22948,20408,26818,24747,24159,18363,22390,-270.769230769231,25348.4835164835,0.188887477539538,-25,"None"
"105",24559,27412,26839,25136,18867,19271,22948,20408,26818,24747,24159,18363,22390,21007,-296.791208791209,25291.9340659341,0.125311111389424,-29,"None"
"106",27412,26839,25136,18867,19271,22948,20408,26818,24747,24159,18363,22390,21007,22697,-258.114285714286,24868.8571428571,0.154629751965815,-27,"None"
"107",26839,25136,18867,19271,22948,20408,26818,24747,24159,18363,22390,21007,22697,25766,-29.5120879120883,23036.7692307692,0.826665969670155,-5,"None"
"108",25136,18867,19271,22948,20408,26818,24747,24159,18363,22390,21007,22697,25766,23656,127.14945054945,21634.4505494506,0.584070366945506,11,"None"
"109",18867,19271,22948,20408,26818,24747,24159,18363,22390,21007,22697,25766,23656,21112,168.973626373626,21033.3406593407,0.381074481609294,17,"None"
"110",19271,22948,20408,26818,24747,24159,18363,22390,21007,22697,25766,23656,21112,20067,-8.041758241759,22446.6703296703,0.912814027184075,-3,"None"
"111",22948,20408,26818,24747,24159,18363,22390,21007,22697,25766,23656,21112,20067,18673,-216.841758241759,23969.956043956,0.188887477539538,-25,"None"
"112",20408,26818,24747,24159,18363,22390,21007,22697,25766,23656,21112,20067,18673,19650,-273.879120879122,24162.1648351648,0.100518173207465,-31,"None"
"113",26818,24747,24159,18363,22390,21007,22697,25766,23656,21112,20067,18673,19650,18549,-431.613186813187,25212.3846153846,0.011793457077065,-47,"None"
"114",24747,24159,18363,22390,21007,22697,25766,23656,21112,20067,18673,19650,18549,22322,-262.057142857143,23619.5714285714,0.0798019286423907,-33,"None"
"115",24159,18363,22390,21007,22697,25766,23656,21112,20067,18673,19650,18549,22322,24473,-79.5560439560441,22231.2417582418,0.584070366945506,-11,"None"
"116",18363,22390,21007,22697,25766,23656,21112,20067,18673,19650,18549,22322,24473,23633,60.764835164835,21141.2637362637,0.826665969670155,5,"None"
"117",22390,21007,22697,25766,23656,21112,20067,18673,19650,18549,22322,24473,23633,18987,-120.421978021978,22544.7362637363,0.381074481609294,-17,"None"
"118",21007,22697,25766,23656,21112,20067,18673,19650,18549,22322,24473,23633,18987,17435,-215.936263736264,22907.1648351648,0.154629751965815,-27,"None"
"119",22697,25766,23656,21112,20067,18673,19650,18549,22322,24473,23633,18987,17435,21503,-219.035164835165,22965.8351648352,0.154629751965815,-27,"None"
"120",25766,23656,21112,20067,18673,19650,18549,22322,24473,23633,18987,17435,21503,19845,-215.971428571429,22739.1428571429,0.188887477539538,-25,"None"
"121",23656,21112,20067,18673,19650,18549,22322,24473,23633,18987,17435,21503,19845,21649,-47.6527472527479,21182.6813186813,0.742556821926578,-7,"None"
"122",21112,20067,18673,19650,18549,22322,24473,23633,18987,17435,21503,19845,21649,25400,176.373626373626,19627.054945055,0.381074481609294,17,"None"
"123",20067,18673,19650,18549,22322,24473,23633,18987,17435,21503,19845,21649,25400,21160,187.723076923077,19545.3626373626,0.324423690521579,19,"None"
"124",18673,19650,18549,22322,24473,23633,18987,17435,21503,19845,21649,25400,21160,17916,71.7252747252742,20261.7032967033,0.742556821926578,7,"None"
"125",19650,18549,22322,24473,23633,18987,17435,21503,19845,21649,25400,21160,17916,17637,-88.7450549450554,21391.2307692308,0.584070366945506,-11,"None"
"126",18549,22322,24473,23633,18987,17435,21503,19845,21649,25400,21160,17916,17637,18384,-191.10989010989,22068.5384615385,0.273561411724749,-21,"None"
"127",22322,24473,23633,18987,17435,21503,19845,21649,25400,21160,17916,17637,18384,21110,-246.320879120879,22665.5494505494,0.154629751965815,-27,"None"
"128",24473,23633,18987,17435,21503,19845,21649,25400,21160,17916,17637,18384,21110,23133,-130.604395604396,21855.6043956044,0.511220344688192,-13,"None"
"129",23633,18987,17435,21503,19845,21649,25400,21160,17916,17637,18384,21110,23133,24866,101.973626373627,20139.3406593407,0.661415917007863,9,"None"
"130",18987,17435,21503,19845,21649,25400,21160,17916,17637,18384,21110,23133,24866,25208,314.903296703296,18654.8681318681,0.125311111389424,29,"None"
"131",17435,21503,19845,21649,25400,21160,17916,17637,18384,21110,23133,24866,25208,18948,188.887912087912,19597.1978021978,0.324423690521579,19,"None"
"132",21503,19845,21649,25400,21160,17916,17637,18384,21110,23133,24866,25208,18948,19819,36.7648351648348,20908.4065934066,1,1,"None"
"133",19845,21649,25400,21160,17916,17637,18384,21110,23133,24866,25208,18948,19819,23670,118.301098901098,20451.6703296703,0.584070366945506,11,"None"
"134",21649,25400,21160,17916,17637,18384,21110,23133,24866,25208,18948,19819,23670,27064,232.624175824176,20109.8901098901,0.273561411724749,21,"None"
"135",25400,21160,17916,17637,18384,21110,23133,24866,25208,18948,19819,23670,27064,28525,416.430769230769,19222.4835164835,0.0626981162609826,35,"None"
"136",21160,17916,17637,18384,21110,23133,24866,25208,18948,19819,23670,27064,28525,31563,780.472527472527,16932.3846153846,0.00217151028878612,57,"Positive"
"137",17916,17637,18384,21110,23133,24866,25208,18948,19819,23670,27064,28525,31563,32270,997.843956043956,16095.6703296703,0.000197140740496392,69,"Positive"
"138",17637,18384,21110,23133,24866,25208,18948,19819,23670,27064,28525,31563,32270,25148,855.94945054945,17676.4505494506,0.00102093399997058,61,"Positive"
"139",18384,21110,23133,24866,25208,18948,19819,23670,27064,28525,31563,32270,25148,32150,873.125274725274,18584.2747252747,0.00149731387847716,59,"Positive"
"140",21110,23133,24866,25208,18948,19819,23670,27064,28525,31563,32270,25148,32150,37077,991.905494505495,19028.6373626374,0.00149731387847716,59,"Positive"
"141",23133,24866,25208,18948,19819,23670,27064,28525,31563,32270,25148,32150,37077,35874,1084.01538461538,19392.3846153846,0.00102093399997058,61,"Positive"
"142",24866,25208,18948,19819,23670,27064,28525,31563,32270,25148,32150,37077,35874,40319,1304.92087912088,18963.1648351648,0.000458888528726883,65,"Positive"
"143",25208,18948,19819,23670,27064,28525,31563,32270,25148,32150,37077,35874,40319,45993,1669.52967032967,17737.6703296703,0.000127032217098857,71,"Positive"
"144",18948,19819,23670,27064,28525,31563,32270,25148,32150,37077,35874,40319,45993,41346,1819.77582417582,17763.5384615385,3.17396401376735e-05,77,"Positive"
"145",19819,23670,27064,28525,31563,32270,25148,32150,37077,35874,40319,45993,41346,40731,1675.14065934066,20404.2307692308,8.0929046398655e-05,73,"Positive"
"146",23670,27064,28525,31563,32270,25148,32150,37077,35874,40319,45993,41346,40731,41282,1479.21318681319,23406.7582417582,0.000197140740496392,69,"Positive"
"147",27064,28525,31563,32270,25148,32150,37077,35874,40319,45993,41346,40731,41282,46431,1463.01318681319,25154.043956044,0.000197140740496392,69,"Positive"
"148",28525,31563,32270,25148,32150,37077,35874,40319,45993,41346,40731,41282,46431,51819,1612.5978021978,25800.3736263736,0.000127032217098857,71,"Positive"
"149",31563,32270,25148,32150,37077,35874,40319,45993,41346,40731,41282,46431,51819,56628,1838.93406593407,26110.2087912088,8.0929046398655e-05,73,"Positive"
"150",32270,25148,32150,37077,35874,40319,45993,41346,40731,41282,46431,51819,56628,51360,1891.38021978022,27130.9340659341,0.000127032217098857,71,"Positive"
"151",25148,32150,37077,35874,40319,45993,41346,40731,41282,46431,51819,56628,51360,45682,1717.88571428571,29390.1428571429,0.000458888528726883,65,"Positive"
"152",32150,37077,35874,40319,45993,41346,40731,41282,46431,51819,56628,51360,45682,50769,1395.98901098901,33634.4395604396,0.00149731387847716,59,"Positive"
"153",37077,35874,40319,45993,41346,40731,41282,46431,51819,56628,51360,45682,50769,43084,972.736263736263,37589.8351648352,0.0160061551531633,45,"None"
"154",35874,40319,45993,41346,40731,41282,46431,51819,56628,51360,45682,50769,43084,60654,1165.85054945055,37825.5494505495,0.011793457077065,47,"None"
"155",40319,45993,41346,40731,41282,46431,51819,56628,51360,45682,50769,43084,60654,60120,1200.41318681319,39298.1868131868,0.0160061551531633,45,"None"
"156",45993,41346,40731,41282,46431,51819,56628,51360,45682,50769,43084,60654,60120,62496,1342.82417582417,39814.1758241758,0.0160061551531633,45,"None"
"157",41346,40731,41282,46431,51819,56628,51360,45682,50769,43084,60654,60120,62496,68055,1733.63736263736,38458.9340659341,0.00311430753155509,55,"Positive"
"158",40731,41282,46431,51819,56628,51360,45682,50769,43084,60654,60120,62496,68055,60018,1644.64835164835,40460.065934066,0.00619562249890606,51,"Positive"
"159",41282,46431,51819,56628,51360,45682,50769,43084,60654,60120,62496,68055,60018,58453,1408.5956043956,43496.3186813187,0.0285390635703624,41,"None"
"160",46431,51819,56628,51360,45682,50769,43084,60654,60120,62496,68055,60018,58453,58894,1125.40879120879,46878.2197802198,0.100518173207465,31,"None"
"161",51819,56628,51360,45682,50769,43084,60654,60120,62496,68055,60018,58453,58894,68035,1195.72527472527,47893.989010989,0.0798019286423907,33,"None"
"162",56628,51360,45682,50769,43084,60654,60120,62496,68055,60018,58453,58894,68035,68121,1351.16263736264,47892.6373626374,0.0285390635703624,41,"None"
"163",51360,45682,50769,43084,60654,60120,62496,68055,60018,58453,58894,68035,68121,75819,1813.42417582418,45796.4615384615,0.00859504637602393,49,"Positive"
"164",45682,50769,43084,60654,60120,62496,68055,60018,58453,58894,68035,68121,75819,72262,1916.03076923077,46519.9120879121,0.00441702133568098,53,"Positive"
"165",50769,43084,60654,60120,62496,68055,60018,58453,58894,68035,68121,75819,72262,62537,1461.71648351648,51131.1978021978,0.0160061551531633,45,"None"
"166",43084,60654,60120,62496,68055,60018,58453,58894,68035,68121,75819,72262,62537,60474,1042.07472527473,54971.7252747253,0.100518173207465,31,"None"
"167",60654,60120,62496,68055,60018,58453,58894,68035,68121,75819,72262,62537,60474,62091,372.621978021976,61350.2637362638,0.381074481609294,17,"None"
"168",60120,62496,68055,60018,58453,58894,68035,68121,75819,72262,62537,60474,62091,64511,267.995604395603,62410.4615384616,0.381074481609294,17,"None"
"169",62496,68055,60018,58453,58894,68035,68121,75819,72262,62537,60474,62091,64511,70571,301.953846153846,62902.2747252747,0.324423690521579,19,"None"
"170",68055,60018,58453,58894,68035,68121,75819,72262,62537,60474,62091,64511,70571,68442,307.474725274726,63285.5824175824,0.228439808988675,23,"None"
"171",60018,58453,58894,68035,68121,75819,72262,62537,60474,62091,64511,70571,68442,73322,609.551648351649,61396.2197802198,0.0487449207397066,37,"None"
"172",58453,58894,68035,68121,75819,72262,62537,60474,62091,64511,70571,68442,73322,64916,383.349450549452,63442.5934065934,0.154629751965815,27,"None"
"173",58894,68035,68121,75819,72262,62537,60474,62091,64511,70571,68442,73322,64916,54867,-203.090109890111,67584.7472527473,1,1,"None"
"174",68035,68121,75819,72262,62537,60474,62091,64511,70571,68442,73322,64916,54867,56757,-705.228571428572,71198.1428571429,0.273561411724749,-21,"None"
"175",68121,75819,72262,62537,60474,62091,64511,70571,68442,73322,64916,54867,56757,66459,-619.42197802198,70442.021978022,0.324423690521579,-19,"None"
"176",75819,72262,62537,60474,62091,64511,70571,68442,73322,64916,54867,56757,66459,71854,-369.709890109891,68835.8241758242,0.661415917007863,-9,"None"
"177",72262,62537,60474,62091,64511,70571,68442,73322,64916,54867,56757,66459,71854,67455,-8.31208791208889,65527.9120879121,0.742556821926578,7,"None"
"178",62537,60474,62091,64511,70571,68442,73322,64916,54867,56757,66459,71854,67455,68721,308.758241758241,62896.9560439561,0.188887477539538,25,"None"
"179",60474,62091,64511,70571,68442,73322,64916,54867,56757,66459,71854,67455,68721,56182,-37.4681318681333,65039.7252747253,0.661415917007863,9,"None"
"180",62091,64511,70571,68442,73322,64916,54867,56757,66459,71854,67455,68721,56182,45548,-727.600000000001,69149.5714285714,0.584070366945506,-11,"None"
"181",64511,70571,68442,73322,64916,54867,56757,66459,71854,67455,68721,56182,45548,45529,-1299.35824175824,72254.7582417582,0.125311111389424,-29,"None"
"182",70571,68442,73322,64916,54867,56757,66459,71854,67455,68721,56182,45548,45529,58801,-1339.33626373626,72146.7362637363,0.0626981162609826,-35,"None"
"183",68442,73322,64916,54867,56757,66459,71854,67455,68721,56182,45548,45529,58801,54456,-1278.57802197802,70539.978021978,0.0626981162609826,-35,"None"
"184",73322,64916,54867,56757,66459,71854,67455,68721,56182,45548,45529,58801,54456,59358,-1077.11428571429,68380.1428571429,0.154629751965815,-27,"None"
"185",64916,54867,56757,66459,71854,67455,68721,56182,45548,45529,58801,54456,59358,59295,-676.641758241759,64374.6703296703,0.511220344688192,-13,"None"
"186",54867,56757,66459,71854,67455,68721,56182,45548,45529,58801,54456,59358,59295,54121,-639.461538461539,63324.7472527472,0.381074481609294,-17,"None"
"187",56757,66459,71854,67455,68721,56182,45548,45529,58801,54456,59358,59295,54121,45751,-1125.25934065934,66317.0879120879,0.100518173207465,-31,"None"
"188",66459,71854,67455,68721,56182,45548,45529,58801,54456,59358,59295,54121,45751,47627,-1455.07912087912,68138.5934065934,0.0374974908157198,-39,"None"
"189",71854,67455,68721,56182,45548,45529,58801,54456,59358,59295,54121,45751,47627,47995,-1414.40659340659,66514.6923076923,0.0487449207397066,-37,"None"
"190",67455,68721,56182,45548,45529,58801,54456,59358,59295,54121,45751,47627,47995,56055,-884.43076923077,61411.3736263736,0.228439808988675,-23,"None"
"191",68721,56182,45548,45529,58801,54456,59358,59295,54121,45751,47627,47995,56055,51314,-565.487912087913,57866.3736263736,0.443421402864083,-15,"None"
"192",56182,45548,45529,58801,54456,59358,59295,54121,45751,47627,47995,56055,51314,65340,266.883516483515,51382.0879120879,0.584070366945506,11,"None"
"193",45548,45529,58801,54456,59358,59295,54121,45751,47627,47995,56055,51314,65340,46918,174.399999999998,51414,0.661415917007863,9,"None"
"194",45529,58801,54456,59358,59295,54121,45751,47627,47995,56055,51314,65340,46918,39195,-448.591208791209,55632.6483516483,0.443421402864083,-15,"None"
"195",58801,54456,59358,59295,54121,45751,47627,47995,56055,51314,65340,46918,39195,36675,-1116.28351648352,60007.9120879121,0.0374974908157198,-39,"None"
"196",54456,59358,59295,54121,45751,47627,47995,56055,51314,65340,46918,39195,36675,45034,-1068.69010989011,58667.6043956044,0.0285390635703624,-41,"None"
"197",59358,59295,54121,45751,47627,47995,56055,51314,65340,46918,39195,36675,45034,47359,-1037.39560439561,57925.967032967,0.0374974908157198,-39,"None"
"198",59295,54121,45751,47627,47995,56055,51314,65340,46918,39195,36675,45034,47359,43843,-913.758241758243,55890.4725274725,0.0487449207397066,-37,"None"
"199",54121,45751,47627,47995,56055,51314,65340,46918,39195,36675,45034,47359,43843,48747,-583.885714285714,52663,0.273561411724749,-21,"None"
"200",45751,47627,47995,56055,51314,65340,46918,39195,36675,45034,47359,43843,48747,43067,-540.505494505495,51548.0769230769,0.273561411724749,-21,"None"
"201",47627,47995,56055,51314,65340,46918,39195,36675,45034,47359,43843,48747,43067,34264,-975.984615384615,53993.6703296703,0.0487449207397066,-37,"None"
"202",47995,56055,51314,65340,46918,39195,36675,45034,47359,43843,48747,43067,34264,36654,-1230.83956043956,55121.2967032967,0.0160061551531633,-45,"None"
"203",56055,51314,65340,46918,39195,36675,45034,47359,43843,48747,43067,34264,36654,40168,-1324.92967032967,55267.9010989011,0.0160061551531633,-45,"None"
"204",51314,65340,46918,39195,36675,45034,47359,43843,48747,43067,34264,36654,40168,45359,-970.586813186813,51846.3296703297,0.100518173207465,-31,"None"
"205",65340,46918,39195,36675,45034,47359,43843,48747,43067,34264,36654,40168,45359,45230,-729.210989010989,49601.4395604395,0.381074481609294,-17,"None"
"206",46918,39195,36675,45034,47359,43843,48747,43067,34264,36654,40168,45359,45230,46983,51.3890109890107,42435.7252747253,0.826665969670155,5,"None"
"207",39195,36675,45034,47359,43843,48747,43067,34264,36654,40168,45359,45230,46983,42695,182.846153846153,41148.1538461539,0.661415917007863,9,"None"
"208",36675,45034,47359,43843,48747,43067,34264,36654,40168,45359,45230,46983,42695,34400,-158.738461538462,43367.5384615385,0.661415917007863,-9,"None"
"209",45034,47359,43843,48747,43067,34264,36654,40168,45359,45230,46983,42695,34400,35513,-530.523076923077,46072.9230769231,0.188887477539538,-25,"None"
"210",47359,43843,48747,43067,34264,36654,40168,45359,45230,46983,42695,34400,35513,41729,-444.028571428572,45188.1428571429,0.188887477539538,-25,"None"
"211",43843,48747,43067,34264,36654,40168,45359,45230,46983,42695,34400,35513,41729,41005,-287.043956043957,43556.9010989011,0.381074481609294,-17,"None"
"212",48747,43067,34264,36654,40168,45359,45230,46983,42695,34400,35513,41729,41005,44192,-126.984615384615,42381.3846153846,0.742556821926578,-7,"None"
"213",43067,34264,36654,40168,45359,45230,46983,42695,34400,35513,41729,41005,44192,50460,372.296703296703,38759.1318681319,0.324423690521579,19,"None"
"214",34264,36654,40168,45359,45230,46983,42695,34400,35513,41729,41005,44192,50460,43001,463.681318681318,38069.032967033,0.188887477539538,25,"None"
"215",36654,40168,45359,45230,46983,42695,34400,35513,41729,41005,44192,50460,43001,31311,-68.8527472527474,41852.1098901099,1,-1,"None"
"216",40168,45359,45230,46983,42695,34400,35513,41729,41005,44192,50460,43001,31311,23508,-732.558241758242,45890.9010989011,0.273561411724749,-21,"None"
"217",45359,45230,46983,42695,34400,35513,41729,41005,44192,50460,43001,31311,23508,27469,-1109.46153846154,47810.6043956044,0.0487449207397066,-37,"None"
"218",45230,46983,42695,34400,35513,41729,41005,44192,50460,43001,31311,23508,27469,33911,-1075.35604395604,46737.0989010989,0.0626981162609826,-35,"None"
"219",46983,42695,34400,35513,41729,41005,44192,50460,43001,31311,23508,27469,33911,36173,-930.553846153847,45004.1538461539,0.154629751965815,-27,"None"
"220",42695,34400,35513,41729,41005,44192,50460,43001,31311,23508,27469,33911,36173,47724,-358.12087912088,40763.8351648352,0.826665969670155,-5,"None"
"221",34400,35513,41729,41005,44192,50460,43001,31311,23508,27469,33911,36173,47724,41126,-118.82197802198,38857.021978022,0.912814027184075,3,"None"
"222",35513,41729,41005,44192,50460,43001,31311,23508,27469,33911,36173,47724,41126,34297,-341.2021978022,40517.5164835165,0.742556821926578,-7,"None"
"223",41729,41005,44192,50460,43001,31311,23508,27469,33911,36173,47724,41126,34297,34426,-522.751648351649,41801.4945054945,0.511220344688192,-13,"None"
"224",41005,44192,50460,43001,31311,23508,27469,33911,36173,47724,41126,34297,34426,39556,-348.028571428574,40335.8571428572,0.742556821926578,-7,"None"
"225",44192,50460,43001,31311,23508,27469,33911,36173,47724,41126,34297,34426,39556,38924,-205.679120879122,39119.5934065934,0.912814027184075,-3,"None"
"226",50460,43001,31311,23508,27469,33911,36173,47724,41126,34297,34426,39556,38924,45225,230.912087912088,35918.945054945,0.443421402864083,15,"None"
"227",43001,31311,23508,27469,33911,36173,47724,41126,34297,34426,39556,38924,45225,49243,984.4,30180.8571428571,0.0285390635703624,41,"None"
"228",31311,23508,27469,33911,36173,47724,41126,34297,34426,39556,38924,45225,49243,42154,1294.79340659341,27792.4065934066,0.00311430753155509,55,"Positive"
"229",23508,27469,33911,36173,47724,41126,34297,34426,39556,38924,45225,49243,42154,38404,1116.38241758242,29637.1318681319,0.0160061551531633,45,"None"
"230",27469,33911,36173,47724,41126,34297,34426,39556,38924,45225,49243,42154,38404,52039,1039.12307692308,32254.5054945055,0.0160061551531633,45,"None"
"231",33911,36173,47724,41126,34297,34426,39556,38924,45225,49243,42154,38404,52039,39850,618.778021978022,36291.4505494506,0.0798019286423907,33,"None"
"232",36173,47724,41126,34297,34426,39556,38924,45225,49243,42154,38404,52039,39850,39072,334.156043956044,38794.7582417582,0.381074481609294,17,"None"
"233",47724,41126,34297,34426,39556,38924,45225,49243,42154,38404,52039,39850,39072,47103,330.876923076923,39600.0659340659,0.443421402864083,15,"None"
"234",41126,34297,34426,39556,38924,45225,49243,42154,38404,52039,39850,39072,47103,48275,693.841758241757,36917.1868131868,0.0798019286423907,33,"None"
"235",34297,34426,39556,38924,45225,49243,42154,38404,52039,39850,39072,47103,48275,44649,733.268131868131,36873.1318681319,0.0487449207397066,37,"None"
"236",34426,39556,38924,45225,49243,42154,38404,52039,39850,39072,47103,48275,44649,37544,329.076923076922,40136.4945054945,0.511220344688192,13,"None"
"237",39556,38924,45225,49243,42154,38404,52039,39850,39072,47103,48275,44649,37544,33255,-207.676923076924,44078.5054945055,0.511220344688192,-13,"None"
"238",38924,45225,49243,42154,38404,52039,39850,39072,47103,48275,44649,37544,33255,43420,-279.734065934066,44894.9340659341,0.443421402864083,-15,"None"
"239",45225,49243,42154,38404,52039,39850,39072,47103,48275,44649,37544,33255,43420,39431,-503.582417582418,46610.010989011,0.154629751965815,-27,"None"
"240",49243,42154,38404,52039,39850,39072,47103,48275,44649,37544,33255,43420,39431,45654,-344.134065934065,45444.7912087912,0.381074481609294,-17,"None"
"241",42154,38404,52039,39850,39072,47103,48275,44649,37544,33255,43420,39431,45654,54858,208.861538461537,41698.3956043956,0.742556821926578,7,"None"
"242",38404,52039,39850,39072,47103,48275,44649,37544,33255,43420,39431,45654,54858,48595,324.529670329669,41290.9560439561,0.443421402864083,15,"None"
"243",52039,39850,39072,47103,48275,44649,37544,33255,43420,39431,45654,54858,48595,35767,-78.254945054946,44123.4835164835,0.826665969670155,-5,"None"
"244",39850,39072,47103,48275,44649,37544,33255,43420,39431,45654,54858,48595,35767,39466,85.7428571428562,41995.4285714286,0.912814027184075,3,"None"
"245",39072,47103,48275,44649,37544,33255,43420,39431,45654,54858,48595,35767,39466,45200,66.9999999999987,42518.1428571429,0.826665969670155,5,"None"
"246",47103,48275,44649,37544,33255,43420,39431,45654,54858,48595,35767,39466,45200,51081,167.120879120878,42625.021978022,0.661415917007863,9,"None"
"247",48275,44649,37544,33255,43420,39431,45654,54858,48595,35767,39466,45200,51081,58593,693.841758241757,39495.3296703297,0.154629751965815,27,"None"
"248",44649,37544,33255,43420,39431,45654,54858,48595,35767,39466,45200,51081,58593,56358,1144.83736263736,36690.2197802198,0.0214887391196774,43,"None"
"249",37544,33255,43420,39431,45654,54858,48595,35767,39466,45200,51081,58593,56358,54959,1400.79340659341,35506.978021978,0.00619562249890606,51,"Positive"
"250",33255,43420,39431,45654,54858,48595,35767,39466,45200,51081,58593,56358,54959,45902,1118.42857142857,38221.7142857143,0.0214887391196774,43,"None"
"251",43420,39431,45654,54858,48595,35767,39466,45200,51081,58593,56358,54959,45902,41873,542.815384615384,43154.3846153846,0.228439808988675,23,"None"
"252",39431,45654,54858,48595,35767,39466,45200,51081,58593,56358,54959,45902,41873,52235,560.487912087911,43651.4835164835,0.228439808988675,23,"None"
"253",45654,54858,48595,35767,39466,45200,51081,58593,56358,54959,45902,41873,52235,59777,623.393406593406,44632.978021978,0.188887477539538,25,"None"
"254",54858,48595,35767,39466,45200,51081,58593,56358,54959,45902,41873,52235,59777,64860,947.248351648351,43575.9230769231,0.0798019286423907,33,"None"
"255",48595,35767,39466,45200,51081,58593,56358,54959,45902,41873,52235,59777,64860,69169,1613.22417582418,39603.3186813187,0.00859504637602393,49,"Positive"
"256",35767,39466,45200,51081,58593,56358,54959,45902,41873,52235,59777,64860,69169,56711,1653.87912087912,39878.1208791209,0.00619562249890606,51,"Positive"
"257",39466,45200,51081,58593,56358,54959,45902,41873,52235,59777,64860,69169,56711,49351,1025.67252747253,45559.956043956,0.0798019286423907,33,"None"
"258",45200,51081,58593,56358,54959,45902,41873,52235,59777,64860,69169,56711,49351,67775,986.101098901099,47878.8131868132,0.100518173207465,31,"None"
"259",51081,58593,56358,54959,45902,41873,52235,59777,64860,69169,56711,49351,67775,61966,845.156043956044,50133.4725274725,0.154629751965815,27,"None"
"260",58593,56358,54959,45902,41873,52235,59777,64860,69169,56711,49351,67775,61966,63257,861.279120879121,50882.2637362637,0.154629751965815,27,"None"
"261",56358,54959,45902,41873,52235,59777,64860,69169,56711,49351,67775,61966,63257,76342,1445.38681318681,47769.2417582418,0.0285390635703624,41,"None"
"262",54959,45902,41873,52235,59777,64860,69169,56711,49351,67775,61966,63257,76342,81881,2036.05274725275,45162.3186813187,0.00619562249890606,51,"Positive"
"263",45902,41873,52235,59777,64860,69169,56711,49351,67775,61966,63257,76342,81881,82794,2494.49450549451,43712.2197802198,0.00149731387847716,59,"Positive"
"264",41873,52235,59777,64860,69169,56711,49351,67775,61966,63257,76342,81881,82794,62113,1941.11648351648,49020.4835164835,0.011793457077065,47,"None"
"265",52235,59777,64860,69169,56711,49351,67775,61966,63257,76342,81881,82794,62113,67422,1335.34285714286,55388.7142857143,0.0487449207397066,37,"None"
"266",59777,64860,69169,56711,49351,67775,61966,63257,76342,81881,82794,62113,67422,76793,1226.61318681319,57958.3296703297,0.0626981162609826,35,"None"
"267",64860,69169,56711,49351,67775,61966,63257,76342,81881,82794,62113,67422,76793,79416,1333.51648351648,58559.3406593407,0.0626981162609826,35,"None"
"268",69169,56711,49351,67775,61966,63257,76342,81881,82794,62113,67422,76793,79416,91095,1855.35164835165,56519.5054945055,0.0160061551531633,45,"None"
"269",56711,49351,67775,61966,63257,76342,81881,82794,62113,67422,76793,79416,91095,99130,2633.49450549451,52823.5054945055,0.00149731387847716,59,"Positive"
"270",49351,67775,61966,63257,76342,81881,82794,62113,67422,76793,79416,91095,99130,89774,2601.92307692308,55421.9340659341,0.00217151028878612,57,"Positive"
"271",67775,61966,63257,76342,81881,82794,62113,67422,76793,79416,91095,99130,89774,104924,2615.23956043956,59291.5604395605,0.00217151028878612,57,"Positive"
"272",61966,63257,76342,81881,82794,62113,67422,76793,79416,91095,99130,89774,104924,85306,2431.14945054945,61924.4505494506,0.00217151028878612,57,"Positive"
"273",63257,76342,81881,82794,62113,67422,76793,79416,91095,99130,89774,104924,85306,127115,3173.03736263736,61013.7912087912,0.00217151028878612,57,"Positive"
"274",76342,81881,82794,62113,67422,76793,79416,91095,99130,89774,104924,85306,127115,104607,3028.03076923077,65054.9120879121,0.00311430753155509,55,"Positive"
"275",81881,82794,62113,67422,76793,79416,91095,99130,89774,104924,85306,127115,104607,129354,3839.6967032967,62753.989010989,0.00149731387847716,59,"Positive"
"276",82794,62113,67422,76793,79416,91095,99130,89774,104924,85306,127115,104607,129354,128000,4562.26153846154,60628.967032967,0.000458888528726883,65,"Positive"
"277",62113,67422,76793,79416,91095,99130,89774,104924,85306,127115,104607,129354,128000,127311,5092.51868131868,59831.8241758242,0.000197140740496392,69,"Positive"
"278",67422,76793,79416,91095,99130,89774,104924,85306,127115,104607,129354,128000,127311,115216,4399.73406593407,68820.7802197802,0.00102093399997058,61,"Positive"
"279",76793,79416,91095,99130,89774,104924,85306,127115,104607,129354,128000,127311,115216,120572,3801.58021978022,77103.3626373627,0.00441702133568098,53,"Positive"
"280",79416,91095,99130,89774,104924,85306,127115,104607,129354,128000,127311,115216,120572,140498,3848.04835164835,81305.2087912088,0.00441702133568098,53,"Positive"
"281",91095,99130,89774,104924,85306,127115,104607,129354,128000,127311,115216,120572,140498,146626,3876.05274725275,85895.8901098902,0.00441702133568098,53,"Positive"
"282",99130,89774,104924,85306,127115,104607,129354,128000,127311,115216,120572,140498,146626,164833,4513.85054945055,86379.4065934066,0.00217151028878612,57,"Positive"
"283",89774,104924,85306,127115,104607,129354,128000,127311,115216,120572,140498,146626,164833,180389,5536.87252747252,84510.9560439561,0.00102093399997058,61,"Positive"
"284",104924,85306,127115,104607,129354,128000,127311,115216,120572,140498,146626,164833,180389,167765,5533.58681318681,90106.3846153846,0.00102093399997058,61,"Positive"
"285",85306,127115,104607,129354,128000,127311,115216,120572,140498,146626,164833,180389,167765,136221,4785.67692307692,97951.2087912088,0.00311430753155509,55,"Positive"
"286",127115,104607,129354,128000,127311,115216,120572,140498,146626,164833,180389,167765,136221,162942,4016.90769230769,109262.406593407,0.00859504637602393,49,"Positive"
"287",104607,129354,128000,127311,115216,120572,140498,146626,164833,180389,167765,136221,162942,163922,4313.2,109669.285714286,0.00859504637602393,49,"Positive"
"288",129354,128000,127311,115216,120572,140498,146626,164833,180389,167765,136221,162942,163922,173178,3970.13846153846,117140.175824176,0.011793457077065,47,"None"
"289",128000,127311,115216,120572,140498,146626,164833,180389,167765,136221,162942,163922,173178,191543,4666.21538461538,116361.67032967,0.00311430753155509,55,"Positive"
"290",127311,115216,120572,140498,146626,164833,180389,167765,136221,162942,163922,173178,191543,198299,5237.32527472527,117099.703296703,0.00102093399997058,61,"Positive"
"291",115216,120572,140498,146626,164833,180389,167765,136221,162942,163922,173178,191543,198299,179273,4933.11428571428,123092.857142857,0.00149731387847716,59,"Positive"
"292",120572,140498,146626,164833,180389,167765,136221,162942,163922,173178,191543,198299,179273,146778,3073.33406593406,139295.637362637,0.0285390635703624,41,"None"
"293",140498,146626,164833,180389,167765,136221,162942,163922,173178,191543,198299,179273,146778,174450,2042.01978021978,150878.923076923,0.0798019286423907,33,"None"
"294",146626,164833,180389,167765,136221,162942,163922,173178,191543,198299,179273,146778,174450,175517,1461.26593406593,157735.934065934,0.154629751965815,27,"None"
"295",164833,180389,167765,136221,162942,163922,173178,191543,198299,179273,146778,174450,175517,183287,1150.60439560439,162684.538461538,0.188887477539538,25,"None"
"296",180389,167765,136221,162942,163922,173178,191543,198299,179273,146778,174450,175517,183287,112323,-748.516483516487,173177.230769231,0.742556821926578,7,"None"
"297",167765,136221,162942,163922,173178,191543,198299,179273,146778,174450,175517,183287,112323,208187,834.982417582414,163286.560439561,0.154629751965815,27,"None"
"298",136221,162942,163922,173178,191543,198299,179273,146778,174450,175517,183287,112323,208187,155530,375.630769230763,165857.769230769,0.381074481609294,17,"None"
"299",162942,163922,173178,191543,198299,179273,146778,174450,175517,183287,112323,208187,155530,140235,-1506.85274725275,180263.10989011,0.826665969670155,-5,"None"
"300",163922,173178,191543,198299,179273,146778,174450,175517,183287,112323,208187,155530,140235,160570,-1945.06813186813,183380.296703297,0.443421402864083,-15,"None"
"301",173178,191543,198299,179273,146778,174450,175517,183287,112323,208187,155530,140235,160570,188217,-1550.63516483517,182157.406593407,0.584070366945506,-11,"None"
"302",191543,198299,179273,146778,174450,175517,183287,112323,208187,155530,140235,160570,188217,202555,-548.193406593413,176737.450549451,0.912814027184075,-3,"None"
"303",198299,179273,146778,174450,175517,183287,112323,208187,155530,140235,160570,188217,202555,223610,1532.12967032967,163425.527472528,0.381074481609294,17,"None"
"304",179273,146778,174450,175517,183287,112323,208187,155530,140235,160570,188217,202555,223610,232785,3956.36703296703,147707.032967033,0.0487449207397066,37,"None"
"305",146778,174450,175517,183287,112323,208187,155530,140235,160570,188217,202555,223610,232785,215546,5109.24395604395,141651.384615385,0.011793457077065,47,"None"
"306",174450,175517,183287,112323,208187,155530,140235,160570,188217,202555,223610,232785,215546,181011,4044.7010989011,152080.67032967,0.0487449207397066,37,"None"
"307",175517,183287,112323,208187,155530,140235,160570,188217,202555,223610,232785,215546,181011,194861,4137.66153846153,152841.395604396,0.0626981162609826,35,"None"
"308",183287,112323,208187,155530,140235,160570,188217,202555,223610,232785,215546,181011,194861,224490,5022.62197802197,149702.263736264,0.0285390635703624,41,"None"
"309",112323,208187,155530,140235,160570,188217,202555,223610,232785,215546,181011,194861,224490,222535,5892.61318681319,145980.758241758,0.0160061551531633,45,"None"
"310",208187,155530,140235,160570,188217,202555,223610,232785,215546,181011,194861,224490,222535,231516,4507.21318681318,164885.043956044,0.0214887391196774,43,"None"
"311",155530,140235,160570,188217,202555,223610,232785,215546,181011,194861,224490,222535,231516,239976,5999.95384615384,155960.131868132,0.00217151028878612,57,"Positive"
"312",140235,160570,188217,202555,223610,232785,215546,181011,194861,224490,222535,231516,239976,217385,4971.56043956044,168091.296703297,0.011793457077065,47,"None"
"313",160570,188217,202555,223610,232785,215546,181011,194861,224490,222535,231516,239976,217385,187804,2321.87472527472,191361.725274725,0.188887477539538,25,"None"
"314",188217,202555,223610,232785,215546,181011,194861,224490,222535,231516,239976,217385,187804,193712,302.279120879121,208875.978021978,0.826665969670155,5,"None"
"315",202555,223610,232785,215546,181011,194861,224490,222535,231516,239976,217385,187804,193712,210104,-483.213186813185,216330.527472527,0.742556821926578,-7,"None"
"316",223610,232785,215546,181011,194861,224490,222535,231516,239976,217385,187804,193712,210104,246644,151.769230769228,214717.373626374,1,1,"None"
"317",232785,215546,181011,194861,224490,222535,231516,239976,217385,187804,193712,210104,246644,239678,1088.04615384615,208843.010989011,0.511220344688192,13,"None"
"318",215546,181011,194861,224490,222535,231516,239976,217385,187804,193712,210104,246644,239678,251935,2606.36703296703,198823.461538462,0.0798019286423907,33,"None"
"319",181011,194861,224490,222535,231516,239976,217385,187804,193712,210104,246644,239678,251935,191894,1756.73626373626,203506.263736264,0.273561411724749,21,"None"
"320",194861,224490,222535,231516,239976,217385,187804,193712,210104,246644,239678,251935,191894,187746,-245.960439560444,219007.560439561,0.826665969670155,-5,"None"
"321",224490,222535,231516,239976,217385,187804,193712,210104,246644,239678,251935,191894,187746,199099,-1497.29670329671,228695.296703297,0.443421402864083,-15,"None"
"322",222535,231516,239976,217385,187804,193712,210104,246644,239678,251935,191894,187746,199099,198067,-1819.96703296703,229227.967032967,0.381074481609294,-17,"None"
"323",231516,239976,217385,187804,193712,210104,246644,239678,251935,191894,187746,199099,198067,229561,-1191.11428571429,225013.428571429,0.584070366945506,-11,"None"
"324",239976,217385,187804,193712,210104,246644,239678,251935,191894,187746,199099,198067,229561,194166,-1308.35384615384,223224.868131868,0.584070366945506,-11,"None"
"325",217385,187804,193712,210104,246644,239678,251935,191894,187746,199099,198067,229561,194166,97615,-3741.11648351648,231301.945054945,0.443421402864083,-15,"None"
"326",187804,193712,210104,246644,239678,251935,191894,187746,199099,198067,229561,194166,97615,226303,-2616.07472527473,223501.131868132,0.826665969670155,-5,"None"
"327",193712,210104,246644,239678,251935,191894,187746,199099,198067,229561,194166,97615,226303,155634,-4524.54505494506,235516.802197802,0.188887477539538,-25,"None"
"328",210104,246644,239678,251935,191894,187746,199099,198067,229561,194166,97615,226303,155634,174651,-5553.4967032967,241872.43956044,0.0374974908157198,-39,"None"
"329",246644,239678,251935,191894,187746,199099,198067,229561,194166,97615,226303,155634,174651,200191,-5228.55384615384,238727.296703297,0.0798019286423907,-33,"None"
"330",239678,251935,191894,187746,199099,198067,229561,194166,97615,226303,155634,174651,200191,233634,-2699.90769230769,218833.164835165,0.511220344688192,-13,"None"
"331",251935,191894,187746,199099,198067,229561,194166,97615,226303,155634,174651,200191,233634,235565,-288.551648351648,200454.208791209,0.661415917007863,9,"None"
"332",191894,187746,199099,198067,229561,194166,97615,226303,155634,174651,200191,233634,235565,153510,200.531868131864,189755.725274725,0.584070366945506,11,"None"
"333",187746,199099,198067,229561,194166,97615,226303,155634,174651,200191,233634,235565,153510,300416,3340.1934065934,173959.835164835,0.273561411724749,21,"None"
"334",199099,198067,229561,194166,97615,226303,155634,174651,200191,233634,235565,153510,300416,208741,3246.80219780219,176159.912087912,0.324423690521579,19,"None"
"335",198067,229561,194166,97615,226303,155634,174651,200191,233634,235565,153510,300416,208741,184299,2737.05714285714,178925.857142857,0.511220344688192,13,"None"
"336",229561,194166,97615,226303,155634,174651,200191,233634,235565,153510,300416,208741,184299,235048,3708.31648351648,174282.912087912,0.273561411724749,21,"None"
"337",194166,97615,226303,155634,174651,200191,233634,235565,153510,300416,208741,184299,235048,255389,6136.45714285714,157916.714285714,0.0487449207397066,37,"None"
"338",97615,226303,155634,174651,200191,233634,235565,153510,300416,208741,184299,235048,255389,278065,7932.08571428571,150442.285714286,0.0160061551531633,45,"None"
"339",226303,155634,174651,200191,233634,235565,153510,300416,208741,184299,235048,255389,278065,293247,6609.69890109889,174333.901098901,0.0214887391196774,43,"None"
"340",155634,174651,200191,233634,235565,153510,300416,208741,184299,235048,255389,278065,293247,262657,7795.85274725274,168034.461538462,0.00859504637602393,49,"Positive"
"341",174651,200191,233634,235565,153510,300416,208741,184299,235048,255389,278065,293247,262657,213268,5081.34725274724,192509.967032967,0.0626981162609826,35,"None"
"342",200191,233634,235565,153510,300416,208741,184299,235048,255389,278065,293247,262657,213268,214982,2789.41098901098,212580.274725275,0.273561411724749,21,"None"
"343",233634,235565,153510,300416,208741,184299,235048,255389,278065,293247,262657,213268,214982,226954,1504.23076923076,224130.769230769,0.661415917007863,9,"None"
"344",235565,153510,300416,208741,184299,235048,255389,278065,293247,262657,213268,214982,226954,230349,1300.92747252747,225420.901098901,0.742556821926578,7,"None"
"345",153510,300416,208741,184299,235048,255389,278065,293247,262657,213268,214982,226954,230349,235614,1326.15164835164,225235.21978022,0.511220344688192,13,"None"
"346",300416,208741,184299,235048,255389,278065,293247,262657,213268,214982,226954,230349,235614,242748,-1150.12087912088,250181.406593407,0.912814027184075,3,"None"
"347",208741,184299,235048,255389,278065,293247,262657,213268,214982,226954,230349,235614,242748,201639,-350.136263736273,237126.021978022,0.826665969670155,5,"None"
"348",184299,235048,255389,278065,293247,262657,213268,214982,226954,230349,235614,242748,201639,177793,-2819.53406593407,253435.934065934,0.381074481609294,-17,"None"
"349",235048,255389,278065,293247,262657,213268,214982,226954,230349,235614,242748,201639,177793,143391,-6941.59120879121,281429.362637363,0.0285390635703624,-41,"None"
"350",255389,278065,293247,262657,213268,214982,226954,230349,235614,242748,201639,177793,143391,176738,-8258.01758241759,287137.560439561,0.00619562249890606,-51,"Negative"
"351",278065,293247,262657,213268,214982,226954,230349,235614,242748,201639,177793,143391,176738,183204,-8462.81098901099,283517.43956044,0.00619562249890606,-51,"Negative"
"352",293247,262657,213268,214982,226954,230349,235614,242748,201639,177793,143391,176738,183204,193750,-7301.43296703297,268784.604395604,0.0160061551531633,-45,"None"
"353",262657,213268,214982,226954,230349,235614,242748,201639,177793,143391,176738,183204,193750,190677,-5356.73406593407,246872.934065934,0.0487449207397066,-37,"None"
"354",213268,214982,226954,230349,235614,242748,201639,177793,143391,176738,183204,193750,190677,170622,-4542.63956043957,234193.296703297,0.0626981162609826,-35,"None"
"355",214982,226954,230349,235614,242748,201639,177793,143391,176738,183204,193750,190677,170622,131031,-6083.37582417583,239874.747252747,0.0160061551531633,-45,"None"
"356",226954,230349,235614,242748,201639,177793,143391,176738,183204,193750,190677,170622,131031,151969,-6607.8967032967,239307.725274725,0.00859504637602393,-49,"Negative"
"357",230349,235614,242748,201639,177793,143391,176738,183204,193750,190677,170622,131031,151969,147570,-6586.44175824176,233476.527472527,0.00619562249890606,-51,"Negative"
"358",235614,242748,201639,177793,143391,176738,183204,193750,190677,170622,131031,151969,147570,153239,-5942.15164835165,223136.494505494,0.011793457077065,-47,"None"
"359",242748,201639,177793,143391,176738,183204,193750,190677,170622,131031,151969,147570,153239,169260,-4327.6021978022,206287.802197802,0.0374974908157198,-39,"None"
"360",201639,177793,143391,176738,183204,193750,190677,170622,131031,151969,147570,153239,169260,166494,-2265.22857142857,185373.285714286,0.125311111389424,-29,"None"
"361",177793,143391,176738,183204,193750,190677,170622,131031,151969,147570,153239,169260,166494,142322,-1913.54285714286,178498.714285714,0.154629751965815,-27,"None"
"362",143391,176738,183204,193750,190677,170622,131031,151969,147570,153239,169260,166494,142322,112019,-2953.05494505495,181596.912087912,0.0798019286423907,-33,"None"
"363",176738,183204,193750,190677,170622,131031,151969,147570,153239,169260,166494,142322,112019,135173,-4176.03956043956,190182.296703297,0.00859504637602393,-49,"Negative"
"364",183204,193750,190677,170622,131031,151969,147570,153239,169260,166494,142322,112019,135173,115333,-4830.40659340659,190703.978021978,0.00441702133568098,-53,"Negative"
"365",193750,190677,170622,131031,151969,147570,153239,169260,166494,142322,112019,135173,115333,121611,-4822.32527472528,186243.868131868,0.00441702133568098,-53,"Negative"
"366",190677,170622,131031,151969,147570,153239,169260,166494,142322,112019,135173,115333,121611,123924,-4129.74945054945,176061.978021978,0.011793457077065,-47,"None"
"367",170622,131031,151969,147570,153239,169260,166494,142322,112019,135173,115333,121611,123924,134362,-2933.32527472528,163066.296703297,0.0487449207397066,-37,"None"
"368",131031,151969,147570,153239,169260,166494,142322,112019,135173,115333,121611,123924,134362,103987,-3018.37362637363,158944.516483516,0.0487449207397066,-37,"None"
"369",151969,147570,153239,169260,166494,142322,112019,135173,115333,121611,123924,134362,103987,89659,-4525.09010989011,167289.747252747,0.00441702133568098,-53,"Negative"
"370",147570,153239,169260,166494,142322,112019,135173,115333,121611,123924,134362,103987,89659,90343,-5140.14505494506,167500.802197802,0.00217151028878612,-57,"Negative"
"371",153239,169260,166494,142322,112019,135173,115333,121611,123924,134362,103987,89659,90343,95620,-5478.56703296704,166328.252747253,0.00149731387847716,-59,"Negative"
"372",169260,166494,142322,112019,135173,115333,121611,123924,134362,103987,89659,90343,95620,95139,-5415.49010989011,161705.175824176,0.00149731387847716,-59,"Negative"
"373",166494,142322,112019,135173,115333,121611,123924,134362,103987,89659,90343,95620,95139,105697,-4267.20659340659,148552.835164835,0.00859504637602393,-49,"Negative"
"374",142322,112019,135173,115333,121611,123924,134362,103987,89659,90343,95620,95139,105697,99609,-3104.65494505495,135056.197802198,0.0285390635703624,-41,"None"
"375",112019,135173,115333,121611,123924,134362,103987,89659,90343,95620,95139,105697,99609,87119,-2801.83956043956,128842.010989011,0.0285390635703624,-41,"None"
"376",135173,115333,121611,123924,134362,103987,89659,90343,95620,95139,105697,99609,87119,65020,-3886.77362637363,133621.945054945,0.00619562249890606,-51,"Negative"
"377",115333,121611,123924,134362,103987,89659,90343,95620,95139,105697,99609,87119,65020,54194,-4311.11428571429,131020.285714286,0.00619562249890606,-51,"Negative"
"378",121611,123924,134362,103987,89659,90343,95620,95139,105697,99609,87119,65020,54194,62724,-4789.85494505495,130853.054945055,0.00311430753155509,-55,"Negative"
"379",123924,134362,103987,89659,90343,95620,95139,105697,99609,87119,65020,54194,62724,70104,-4619.52307692307,125896.494505494,0.00441702133568098,-53,"Negative"
"380",134362,103987,89659,90343,95620,95139,105697,99609,87119,65020,54194,62724,70104,69556,-4162.19120879121,118583.076923077,0.00859504637602393,-49,"Negative"
"381",103987,89659,90343,95620,95139,105697,99609,87119,65020,54194,62724,70104,69556,79595,-2834.94065934066,104716.769230769,0.0374974908157198,-39,"None"
"382",89659,90343,95620,95139,105697,99609,87119,65020,54194,62724,70104,69556,79595,71514,-2499.21538461539,99879.3296703297,0.100518173207465,-31,"None"
"383",90343,95620,95139,105697,99609,87119,65020,54194,62724,70104,69556,79595,71514,57051,-2906.33186813187,100603.56043956,0.0374974908157198,-39,"None"
"384",95620,95139,105697,99609,87119,65020,54194,62724,70104,69556,79595,71514,57051,56223,-3171.22417582418,100153.10989011,0.0160061551531633,-45,"None"
"385",95139,105697,99609,87119,65020,54194,62724,70104,69556,79595,71514,57051,56223,72255,-2654.11428571429,94605.8571428571,0.0798019286423907,-33,"None"
"386",105697,99609,87119,65020,54194,62724,70104,69556,79595,71514,57051,56223,72255,74700,-1980.3010989011,88092.3296703297,0.324423690521579,-19,"None"
"387",99609,87119,65020,54194,62724,70104,69556,79595,71514,57051,56223,72255,74700,77495,-788.723076923079,77141.0659340659,1,1,"None"
"388",87119,65020,54194,62724,70104,69556,79595,71514,57051,56223,72255,74700,77495,76929,309.945054945055,67281.0549450549,0.273561411724749,21,"None"
"389",65020,54194,62724,70104,69556,79595,71514,57051,56223,72255,74700,77495,76929,64393,738.375824175824,62444.5384615385,0.125311111389424,29,"None"
"390",54194,62724,70104,69556,79595,71514,57051,56223,72255,74700,77495,76929,64393,51239,162.334065934064,65780.4945054945,0.511220344688192,13,"None"
"391",62724,70104,69556,79595,71514,57051,56223,72255,74700,77495,76929,64393,51239,58912,-490.804395604396,71016.032967033,0.826665969670155,-5,"None"
"392",70104,69556,79595,71514,57051,56223,72255,74700,77495,76929,64393,51239,58912,57041,-936.92967032967,73956.0439560439,0.324423690521579,-19,"None"
"393",69556,79595,71514,57051,56223,72255,74700,77495,76929,64393,51239,58912,57041,67194,-824.692307692308,72906.4065934066,0.324423690521579,-19,"None"
"394",79595,71514,57051,56223,72255,74700,77495,76929,64393,51239,58912,57041,67194,67998,-694.758241758242,71820.6153846154,0.381074481609294,-17,"None"
"395",71514,57051,56223,72255,74700,77495,76929,64393,51239,58912,57041,67194,67998,66403,-272.591208791208,67712.0769230769,0.826665969670155,-5,"None"
"396",57051,56223,72255,74700,77495,76929,64393,51239,58912,57041,67194,67998,66403,58195,-293.358241758241,66916.4725274725,0.826665969670155,-5,"None"
"397",56223,72255,74700,77495,76929,64393,51239,58912,57041,67194,67998,66403,58195,40966,-1224.63956043956,72752.1538461539,0.188887477539538,-25,"None"
"398",72255,74700,77495,76929,64393,51239,58912,57041,67194,67998,66403,58195,40966,45014,-1996.85714285714,77743.1428571429,0.0160061551531633,-45,"None"
"399",74700,77495,76929,64393,51239,58912,57041,67194,67998,66403,58195,40966,45014,57695,-1828.96263736264,75443.9340659341,0.0214887391196774,-43,"None"
"400",77495,76929,64393,51239,58912,57041,67194,67998,66403,58195,40966,45014,57695,57939,-1509.49230769231,71850.6923076923,0.0487449207397066,-37,"None"
"401",76929,64393,51239,58912,57041,67194,67998,66403,58195,40966,45014,57695,57939,62404,-896.632967032968,66176.3186813187,0.273561411724749,-21,"None"
"402",64393,51239,58912,57041,67194,67998,66403,58195,40966,45014,57695,57939,62404,61204,-270.384615384617,60356.2417582418,0.826665969670155,-5,"None"
"403",51239,58912,57041,67194,67998,66403,58195,40966,45014,57695,57939,62404,61204,53215,-216.547252747253,59154.032967033,0.826665969670155,-5,"None"
"404",58912,57041,67194,67998,66403,58195,40966,45014,57695,57939,62404,61204,53215,38222,-975.595604395605,63917.1098901099,0.154629751965815,-27,"None"
"405",57041,67194,67998,66403,58195,40966,45014,57695,57939,62404,61204,53215,38222,56649,-897.984615384616,63173.3846153846,0.125311111389424,-29,"None"
"406",67194,67998,66403,58195,40966,45014,57695,57939,62404,61204,53215,38222,56649,53811,-953.193406593408,63356.7362637363,0.0487449207397066,-37,"None"
"407",67998,66403,58195,40966,45014,57695,57939,62404,61204,53215,38222,56649,53811,58971,-512.061538461539,59460.8901098901,0.273561411724749,-21,"None"
"408",66403,58195,40966,45014,57695,57939,62404,61204,53215,38222,56649,53811,58971,60381,32.0065934065921,54836.3076923077,1,-1,"None"
