"","x_1","x_2","x_3","x_4","x_5","x_6","x_7","x_8","x_9","x_10","x_11","x_12","x_13","x_14","x_15","x_16","x_17","x_18","x_19","x_20","x_21","x_22","x_23","x_24","A","B","mk_pvalue","S","Class"
"1",1,1,1,3,1,1,1,1,2,1,1,3,1,1,1,1,1,1,1,1,1,1,1,1,-0.0186956521739131,1.44202898550725,0.296117363653176,-25,"None"
"2",1,1,3,1,1,1,1,2,1,1,3,1,1,1,1,1,1,1,1,1,1,1,1,1,-0.0230434782608696,1.4963768115942,0.191554349545143,-31,"None"
"3",1,3,1,1,1,1,2,1,1,3,1,1,1,1,1,1,1,1,1,1,1,1,1,1,-0.0273913043478261,1.55072463768116,0.117069428043041,-37,"None"
"4",3,1,1,1,1,2,1,1,3,1,1,1,1,1,1,1,1,1,1,1,1,1,1,1,-0.0317391304347826,1.60507246376812,0.0674906477574241,-43,"None"
"5",1,1,1,1,2,1,1,3,1,1,1,1,1,1,1,1,1,1,1,1,1,1,1,1,-0.0143478260869565,1.30434782608696,0.251237398688724,-23,"None"
"6",1,1,1,2,1,1,3,1,1,1,1,1,1,1,1,1,1,1,1,1,1,1,1,1,-0.0169565217391305,1.33695652173913,0.175112550197944,-27,"None"
"7",1,1,2,1,1,3,1,1,1,1,1,1,1,1,1,1,1,1,1,1,1,1,1,2,-0.00956521739130438,1.28623188405797,0.727640980066958,-9,"None"
"8",1,2,1,1,3,1,1,1,1,1,1,1,1,1,1,1,1,1,1,1,1,1,2,1,-0.0130434782608696,1.32971014492754,0.542216790175154,-15,"None"
"9",2,1,1,3,1,1,1,1,1,1,1,1,1,1,1,1,1,1,1,1,1,2,1,1,-0.0165217391304348,1.3731884057971,0.383938102642127,-21,"None"
"10",1,1,3,1,1,1,1,1,1,1,1,1,1,1,1,1,1,1,1,1,2,1,1,1,-0.00913043478260872,1.23913043478261,0.916927740980097,-3,"None"
"11",1,3,1,1,1,1,1,1,1,1,1,1,1,1,1,1,1,1,1,2,1,1,1,1,-0.0117391304347826,1.27173913043478,0.754346478610989,-7,"None"
"12",3,1,1,1,1,1,1,1,1,1,1,1,1,1,1,1,1,1,2,1,1,1,1,1,-0.0143478260869565,1.30434782608696,0.60200298524729,-11,"None"
"13",1,1,1,1,1,1,1,1,1,1,1,1,1,1,1,1,1,2,1,1,1,1,1,1,0.00478260869565216,0.981884057971015,0.470100759874129,11,"None"
"14",1,1,1,1,1,1,1,1,1,1,1,1,1,1,1,1,2,1,1,1,1,1,1,1,0.00391304347826085,0.992753623188406,0.563363980394146,9,"None"
"15",1,1,1,1,1,1,1,1,1,1,1,1,1,1,1,2,1,1,1,1,1,1,1,8,0.0730434782608695,0.420289855072464,0.117684505421042,31,"None"
"16",1,1,1,1,1,1,1,1,1,1,1,1,1,1,2,1,1,1,1,1,1,1,8,7,0.126086956521739,0.00724637681159521,0.033080384632219,50,"Positive"
"17",1,1,1,1,1,1,1,1,1,1,1,1,1,2,1,1,1,1,1,1,1,8,7,23,0.333913043478261,-1.67391304347826,0.00792718041706986,70,"Positive"
"18",1,1,1,1,1,1,1,1,1,1,1,1,2,1,1,1,1,1,1,1,8,7,23,19,0.482608695652174,-2.78260869565217,0.00248760108850884,87,"Positive"
"19",1,1,1,1,1,1,1,1,1,1,1,2,1,1,1,1,1,1,1,8,7,23,19,33,0.755652173913043,-4.86231884057971,0.000641684649275502,105,"Positive"
"20",1,1,1,1,1,1,1,1,1,1,2,1,1,1,1,1,1,1,8,7,23,19,33,77,1.44086956521739,-10.2608695652174,0.000170398220585629,122,"Positive"
"21",1,1,1,1,1,1,1,1,1,2,1,1,1,1,1,1,1,8,7,23,19,33,77,53,1.82,-12.8333333333333,6.00896418438247e-05,136,"Positive"
"22",1,1,1,1,1,1,1,1,2,1,1,1,1,1,1,1,8,7,23,19,33,77,53,166,3.28391304347826,-24.2572463768116,1.70969771194441e-05,151,"Positive"
"23",1,1,1,1,1,1,1,2,1,1,1,1,1,1,1,8,7,23,19,33,77,53,166,116,4.10434782608696,-29.7210144927536,6.55829309326549e-06,163,"Positive"
"24",1,1,1,1,1,1,2,1,1,1,1,1,1,1,8,7,23,19,33,77,53,166,116,75,4.41478260869565,-30.518115942029,4.46908101003734e-06,170,"Positive"
"25",1,1,1,1,1,2,1,1,1,1,1,1,1,8,7,23,19,33,77,53,166,116,75,188,5.79086956521739,-39.9275362318841,1.46690448655065e-06,182,"Positive"
"26",1,1,1,1,2,1,1,1,1,1,1,1,8,7,23,19,33,77,53,166,116,75,188,365,8.77434782608695,-62.0543478260869,5.05282193079416e-07,193,"Positive"
"27",1,1,1,2,1,1,1,1,1,1,1,8,7,23,19,33,77,53,166,116,75,188,365,439,12.1813043478261,-86.3913043478261,1.83779401462199e-07,203,"Positive"
"28",1,1,2,1,1,1,1,1,1,1,8,7,23,19,33,77,53,166,116,75,188,365,439,633,17.1473913043478,-122.134057971015,7.10664098792783e-08,212,"Positive"
"29",1,2,1,1,1,1,1,1,1,8,7,23,19,33,77,53,166,116,75,188,365,439,633,759,22.8239130434783,-161.507246376812,2.9437776735766e-08,220,"Positive"
"30",2,1,1,1,1,1,1,1,8,7,23,19,33,77,53,166,116,75,188,365,439,633,759,234,22.5913043478261,-148.891304347826,4.19000380880977e-08,219,"Positive"
"31",1,1,1,1,1,1,1,8,7,23,19,33,77,53,166,116,75,188,365,439,633,759,234,1467,34.4969565217391,-236.670289855072,5.3872158773517e-09,233,"Positive"
"32",1,1,1,1,1,1,8,7,23,19,33,77,53,166,116,75,188,365,439,633,759,234,1467,1833,48.7778260869565,-338.847826086957,2.59141610848073e-09,239,"Positive"
"33",1,1,1,1,1,8,7,23,19,33,77,53,166,116,75,188,365,439,633,759,234,1467,1833,2657,69.705652173913,-489.778985507246,1.37299924177788e-09,244,"Positive"
"34",1,1,1,1,8,7,23,19,33,77,53,166,116,75,188,365,439,633,759,234,1467,1833,2657,4494,106.693913043478,-764.923913043478,8.09325977580922e-10,248,"Positive"
"35",1,1,1,8,7,23,19,33,77,53,166,116,75,188,365,439,633,759,234,1467,1833,2657,4494,6367,158.505217391304,-1147.3152173913,5.36265367266748e-10,251,"Positive"
"36",1,1,8,7,23,19,33,77,53,166,116,75,188,365,439,633,759,234,1467,1833,2657,4494,6367,5995,201.060869565217,-1429.51086956522,5.53935744942509e-10,251,"Positive"
"37",1,8,7,23,19,33,77,53,166,116,75,188,365,439,633,759,234,1467,1833,2657,4494,6367,5995,8873,267.184347826087,-1886.38768115942,4.78783657001689e-10,252,"Positive"
"38",8,7,23,19,33,77,53,166,116,75,188,365,439,633,759,234,1467,1833,2657,4494,6367,5995,8873,11238,349.243043478261,-2443.91304347826,4.78783657001689e-10,252,"Positive"
"39",7,23,19,33,77,53,166,116,75,188,365,439,633,759,234,1467,1833,2657,4494,6367,5995,8873,11238,10619,415.41652173913,-2828.95652173913,4.78783657001689e-10,252,"Positive"
"40",23,19,33,77,53,166,116,75,188,365,439,633,759,234,1467,1833,2657,4494,6367,5995,8873,11238,10619,12082,486.982173913043,-3220.40217391304,4.78783657001689e-10,252,"Positive"
"41",19,33,77,53,166,116,75,188,365,439,633,759,234,1467,1833,2657,4494,6367,5995,8873,11238,10619,12082,17856,605.961739130435,-3964.60507246377,3.48481207740489e-10,254,"Positive"
"42",33,77,53,166,116,75,188,365,439,633,759,234,1467,1833,2657,4494,6367,5995,8873,11238,10619,12082,17856,18690,717.730869565217,-4583.76086956522,3.48481207740489e-10,254,"Positive"
"43",77,53,166,116,75,188,365,439,633,759,234,1467,1833,2657,4494,6367,5995,8873,11238,10619,12082,17856,18690,19630,822.81652173913,-5080.78985507246,3.48481207740489e-10,254,"Positive"
"44",53,166,116,75,188,365,439,633,759,234,1467,1833,2657,4494,6367,5995,8873,11238,10619,12082,17856,18690,19630,18899,904.029565217391,-5311.70289855072,2.53031330334907e-10,256,"Positive"
"45",166,116,75,188,365,439,633,759,234,1467,1833,2657,4494,6367,5995,8873,11238,10619,12082,17856,18690,19630,18899,22075,1000.3747826087,-5598.4347826087,2.53031330334907e-10,256,"Positive"
"46",116,75,188,365,439,633,759,234,1467,1833,2657,4494,6367,5995,8873,11238,10619,12082,17856,18690,19630,18899,22075,26314,1121.18869565217,-6019.10869565217,1.32442552590118e-10,260,"Positive"
"47",75,188,365,439,633,759,234,1467,1833,2657,4494,6367,5995,8873,11238,10619,12082,17856,18690,19630,18899,22075,26314,32243,1278.01173913043,-6640.77173913043,9.54740218055239e-11,262,"Positive"
"48",188,365,439,633,759,234,1467,1833,2657,4494,6367,5995,8873,11238,10619,12082,17856,18690,19630,18899,22075,26314,32243,32235,1406.37260869565,-6905.28260869565,1.32442552590118e-10,260,"Positive"
"49",365,439,633,759,234,1467,1833,2657,4494,6367,5995,8873,11238,10619,12082,17856,18690,19630,18899,22075,26314,32243,32235,32287,1508.51652173913,-6844.6231884058,1.32442552590118e-10,260,"Positive"
"50",439,633,759,234,1467,1833,2657,4494,6367,5995,8873,11238,10619,12082,17856,18690,19630,18899,22075,26314,32243,32235,32287,32416,1585.96217391304,-6477.23550724637,9.54740218055239e-11,262,"Positive"
"51",633,759,234,1467,1833,2657,4494,6367,5995,8873,11238,10619,12082,17856,18690,19630,18899,22075,26314,32243,32235,32287,32416,29877,1610.95173913043,-5563.02173913043,2.53031330334907e-10,256,"Positive"
"52",759,234,1467,1833,2657,4494,6367,5995,8873,11238,10619,12082,17856,18690,19630,18899,22075,26314,32243,32235,32287,32416,29877,31381,1627.49173913043,-4488.60507246377,6.56227603548261e-10,250,"Positive"
"53",234,1467,1833,2657,4494,6367,5995,8873,11238,10619,12082,17856,18690,19630,18899,22075,26314,32243,32235,32287,32416,29877,31381,30767,1612.52391304348,-3051.17391304347,2.26086339231286e-09,242,"Positive"
"54",1467,1833,2657,4494,6367,5995,8873,11238,10619,12082,17856,18690,19630,18899,22075,26314,32243,32235,32287,32416,29877,31381,30767,31192,1570.00565217391,-1229.77898550724,1.00538982404535e-08,232,"Positive"
"55",1833,2657,4494,6367,5995,8873,11238,10619,12082,17856,18690,19630,18899,22075,26314,32243,32235,32287,32416,29877,31381,30767,31192,35941,1561.45956521739,313.463768115944,1.00538982404535e-08,232,"Positive"
"56",2657,4494,6367,5995,8873,11238,10619,12082,17856,18690,19630,18899,22075,26314,32243,32235,32287,32416,29877,31381,30767,31192,35941,34415,1511.65434782609,2293.61231884059,1.34530812377285e-08,230,"Positive"
"57",4494,6367,5995,8873,11238,10619,12082,17856,18690,19630,18899,22075,26314,32243,32235,32287,32416,29877,31381,30767,31192,35941,34415,29130,1389.62347826087,4922.03985507246,2.17036899802815e-07,210,"Positive"
"58",6367,5995,8873,11238,10619,12082,17856,18690,19630,18899,22075,26314,32243,32235,32287,32416,29877,31381,30767,31192,35941,34415,29130,27255,1245.79,7668.33333333334,3.51077069055209e-06,188,"Positive"
"59",5995,8873,11238,10619,12082,17856,18690,19630,18899,22075,26314,32243,32235,32287,32416,29877,31381,30767,31192,35941,34415,29130,27255,26930,1099.27304347826,10356.5869565217,4.26330474086374e-05,166,"Positive"
"60",8873,11238,10619,12082,17856,18690,19630,18899,22075,26314,32243,32235,32287,32416,29877,31381,30767,31192,35941,34415,29130,27255,26930,28781,949.341739130434,13180.1449275362,0.00038960077113497,144,"Positive"
"61",11238,10619,12082,17856,18690,19630,18899,22075,26314,32243,32235,32287,32416,29877,31381,30767,31192,35941,34415,29130,27255,26930,28781,25440,777.469130434782,16018.8442028986,0.00506457562761041,114,"Positive"
"62",10619,12082,17856,18690,19630,18899,22075,26314,32243,32235,32287,32416,29877,31381,30767,31192,35941,34415,29130,27255,26930,28781,25440,30035,662.846956521739,18234.8297101449,0.0161270687117826,98,"Positive"
"63",12082,17856,18690,19630,18899,22075,26314,32243,32235,32287,32416,29877,31381,30767,31192,35941,34415,29130,27255,26930,28781,25440,30035,33030,555.101304347826,20515.4420289855,0.0210654435485145,94,"Positive"
"64",17856,18690,19630,18899,22075,26314,32243,32235,32287,32416,29877,31381,30767,31192,35941,34415,29130,27255,26930,28781,25440,30035,33030,27932,392.79,23204.75,0.106899675879221,66,"None"
"65",18690,19630,18899,22075,26314,32243,32235,32287,32416,29877,31381,30767,31192,35941,34415,29130,27255,26930,28781,25440,30035,33030,27932,26096,261.096956521739,25194.2463768116,0.47193904041631,30,"None"
"66",19630,18899,22075,26314,32243,32235,32287,32416,29877,31381,30767,31192,35941,34415,29130,27255,26930,28781,25440,30035,33030,27932,26096,29828,168.623913043478,26814.2427536232,0.901297844156357,6,"None"
"67",18899,22075,26314,32243,32235,32287,32416,29877,31381,30767,31192,35941,34415,29130,27255,26930,28781,25440,30035,33030,27932,26096,29828,25917,37.5730434782605,28714.3369565217,0.441931012011212,-32,"None"
"68",22075,26314,32243,32235,32287,32416,29877,31381,30767,31192,35941,34415,29130,27255,26930,28781,25440,30035,33030,27932,26096,29828,25917,28859,-77.470434782609,30567.3804347826,0.14334161203712,-60,"None"
"69",26314,32243,32235,32287,32416,29877,31381,30767,31192,35941,34415,29130,27255,26930,28781,25440,30035,33030,27932,26096,29828,25917,28859,33570,-119.543043478261,31572.2463768116,0.11812849523842,-64,"None"
"70",32243,32235,32287,32416,29877,31381,30767,31192,35941,34415,29130,27255,26930,28781,25440,30035,33030,27932,26096,29828,25917,28859,33570,32327,-137.965217391304,32053.0652173913,0.0965338291080209,-68,"None"
"71",32235,32287,32416,29877,31381,30767,31192,35941,34415,29130,27255,26930,28781,25440,30035,33030,27932,26096,29828,25917,28859,33570,32327,30396,-116.480434782609,31707.5471014493,0.157405663974874,-58,"None"
"72",32287,32416,29877,31381,30767,31192,35941,34415,29130,27255,26930,28781,25440,30035,33030,27932,26096,29828,25917,28859,33570,32327,30396,26501,-132.42652173913,31667.9565217391,0.106899675879221,-66,"None"
"73",32416,29877,31381,30767,31192,35941,34415,29130,27255,26930,28781,25440,30035,33030,27932,26096,29828,25917,28859,33570,32327,30396,26501,23703,-170.801304347826,31789.9746376812,0.0561410637912752,-78,"None"
"74",29877,31381,30767,31192,35941,34415,29130,27255,26930,28781,25440,30035,33030,27932,26096,29828,25917,28859,33570,32327,30396,26501,23703,24577,-191.569565217391,31722.9528985507,0.0395167129619474,-84,"Negative"
"75",31381,30767,31192,35941,34415,29130,27255,26930,28781,25440,30035,33030,27932,26096,29828,25917,28859,33570,32327,30396,26501,23703,24577,26438,-214.509130434782,31866.4057971014,0.0210654435485145,-94,"Negative"
"76",30767,31192,35941,34415,29130,27255,26930,28781,25440,30035,33030,27932,26096,29828,25917,28859,33570,32327,30396,26501,23703,24577,26438,29220,-190.290434782609,31473.6304347826,0.0561410637912752,-78,"None"
"77",31192,35941,34415,29130,27255,26930,28781,25440,30035,33030,27932,26096,29828,25917,28859,33570,32327,30396,26501,23703,24577,26438,29220,34926,-113.806521739131,30690.8731884058,0.264337332508495,-46,"None"
"78",35941,34415,29130,27255,26930,28781,25440,30035,33030,27932,26096,29828,25917,28859,33570,32327,30396,26501,23703,24577,26438,29220,34926,27350,-112.079565217391,30509.2028985507,0.333358243488261,-40,"None"
"79",34415,29130,27255,26930,28781,25440,30035,33030,27932,26096,29828,25917,28859,33570,32327,30396,26501,23703,24577,26438,29220,34926,27350,24297,-85.9221739130435,29697.0688405797,0.358743003378695,-38,"None"
"80",29130,27255,26930,28781,25440,30035,33030,27932,26096,29828,25917,28859,33570,32327,30396,26501,23703,24577,26438,29220,34926,27350,24297,24085,-68.3465217391309,29046.9565217391,0.358743003378695,-38,"None"
"81",27255,26930,28781,25440,30035,33030,27932,26096,29828,25917,28859,33570,32327,30396,26501,23703,24577,26438,29220,34926,27350,24297,24085,24531,-94.7739130434785,29185.6739130435,0.243692510127905,-48,"None"
"82",26930,28781,25440,30035,33030,27932,26096,29828,25917,28859,33570,32327,30396,26501,23703,24577,26438,29220,34926,27350,24297,24085,24531,24559,-137.302608695652,29604.9492753623,0.11812849523842,-64,"None"
"83",28781,25440,30035,33030,27932,26096,29828,25917,28859,33570,32327,30396,26501,23703,24577,26438,29220,34926,27350,24297,24085,24531,24559,27412,-152.489565217392,29814.8695652174,0.11812849523842,-64,"None"
"84",25440,30035,33030,27932,26096,29828,25917,28859,33570,32327,30396,26501,23703,24577,26438,29220,34926,27350,24297,24085,24531,24559,27412,26839,-153.706086956522,29749.1594202899,0.14334161203712,-60,"None"
"85",30035,33030,27932,26096,29828,25917,28859,33570,32327,30396,26501,23703,24577,26438,29220,34926,27350,24297,24085,24531,24559,27412,26839,25136,-206.579130434783,30397.4057971015,0.0445205240876462,-82,"Negative"
"86",33030,27932,26096,29828,25917,28859,33570,32327,30396,26501,23703,24577,26438,29220,34926,27350,24297,24085,24531,24559,27412,26839,25136,18867,-271.932173913044,30748.9855072464,0.0239955383536772,-92,"Negative"
"87",27932,26096,29828,25917,28859,33570,32327,30396,26501,23703,24577,26438,29220,34926,27350,24297,24085,24531,24559,27412,26839,25136,18867,19271,-290.979565217392,30413.7862318841,0.0210654435485145,-94,"Negative"
"88",26096,29828,25917,28859,33570,32327,30396,26501,23703,24577,26438,29220,34926,27350,24297,24085,24531,24559,27412,26839,25136,18867,19271,22948,-316.705652173914,30527.6956521739,0.0106232495920759,-104,"Negative"
"89",29828,25917,28859,33570,32327,30396,26501,23703,24577,26438,29220,34926,27350,24297,24085,24531,24559,27412,26839,25136,18867,19271,22948,20408,-383.454347826087,31125.0543478261,0.00228124964050494,-124,"Negative"
"90",25917,28859,33570,32327,30396,26501,23703,24577,26438,29220,34926,27350,24297,24085,24531,24559,27412,26839,25136,18867,19271,22948,20408,26818,-340.591739130435,30463.8550724638,0.0106232495920759,-104,"Negative"
"91",28859,33570,32327,30396,26501,23703,24577,26438,29220,34926,27350,24297,24085,24531,24559,27412,26839,25136,18867,19271,22948,20408,26818,24747,-358.332608695652,30636.865942029,0.00795270628674551,-108,"Negative"
"92",33570,32327,30396,26501,23703,24577,26438,29220,34926,27350,24297,24085,24531,24559,27412,26839,25136,18867,19271,22948,20408,26818,24747,24159,-348.957826086956,30323.847826087,0.00920185395584991,-106,"Negative"
"93",32327,30396,26501,23703,24577,26438,29220,34926,27350,24297,24085,24531,24559,27412,26839,25136,18867,19271,22948,20408,26818,24747,24159,18363,-342.249565217391,29606.3695652174,0.00795270628674551,-108,"Negative"
"94",30396,26501,23703,24577,26438,29220,34926,27350,24297,24085,24531,24559,27412,26839,25136,18867,19271,22948,20408,26818,24747,24159,18363,22390,-295.558695652174,28608.6920289855,0.0122366701240079,-102,"Negative"
"95",26501,23703,24577,26438,29220,34926,27350,24297,24085,24531,24559,27412,26839,25136,18867,19271,22948,20408,26818,24747,24159,18363,22390,21007,-275.046086956522,27961.0760869565,0.0184521268564432,-96,"Negative"
"96",23703,24577,26438,29220,34926,27350,24297,24085,24531,24559,27412,26839,25136,18867,19271,22948,20408,26818,24747,24159,18363,22390,21007,22697,-271.806086956521,27762.0760869565,0.0184521268564432,-96,"Negative"
"97",24577,26438,29220,34926,27350,24297,24085,24531,24559,27412,26839,25136,18867,19271,22948,20408,26818,24747,24159,18363,22390,21007,22697,25766,-264.981304347826,27762.7246376812,0.0210654435485145,-94,"Negative"
"98",26438,29220,34926,27350,24297,24085,24531,24559,27412,26839,25136,18867,19271,22948,20408,26818,24747,24159,18363,22390,21007,22697,25766,23656,-271.550434782609,27806.463768116,0.0161270687117826,-98,"Negative"
"99",29220,34926,27350,24297,24085,24531,24559,27412,26839,25136,18867,19271,22948,20408,26818,24747,24159,18363,22390,21007,22697,25766,23656,21112,-282.530434782609,27721.7971014493,0.0140635567083528,-100,"Negative"
"100",34926,27350,24297,24085,24531,24559,27412,26839,25136,18867,19271,22948,20408,26818,24747,24159,18363,22390,21007,22697,25766,23656,21112,20067,-269.09,27172.4166666667,0.0184521268564432,-96,"Negative"
"101",27350,24297,24085,24531,24559,27412,26839,25136,18867,19271,22948,20408,26818,24747,24159,18363,22390,21007,22697,25766,23656,21112,20067,18673,-199.608695652174,25626.6920289855,0.0210654435485145,-94,"Negative"
"102",24297,24085,24531,24559,27412,26839,25136,18867,19271,22948,20408,26818,24747,24159,18363,22390,21007,22697,25766,23656,21112,20067,18673,19650,-188.572173913044,25167.902173913,0.0309291487605806,-88,"Negative"
"103",24085,24531,24559,27412,26839,25136,18867,19271,22948,20408,26818,24747,24159,18363,22390,21007,22697,25766,23656,21112,20067,18673,19650,18549,-215.034782608696,25259.1847826087,0.0122366701240079,-102,"Negative"
"104",24531,24559,27412,26839,25136,18867,19271,22948,20408,26818,24747,24159,18363,22390,21007,22697,25766,23656,21112,20067,18673,19650,18549,22322,-201.07347826087,25011.2101449275,0.0140635567083528,-100,"Negative"
"105",24559,27412,26839,25136,18867,19271,22948,20408,26818,24747,24159,18363,22390,21007,22697,25766,23656,21112,20067,18673,19650,18549,22322,24473,-159.221304347826,24485.6413043478,0.0445205240876462,-82,"Negative"
"106",27412,26839,25136,18867,19271,22948,20408,26818,24747,24159,18363,22390,21007,22697,25766,23656,21112,20067,18673,19650,18549,22322,24473,23633,-125.414347826087,24024.4710144928,0.106899675879221,-66,"None"
"107",26839,25136,18867,19271,22948,20408,26818,24747,24159,18363,22390,21007,22697,25766,23656,21112,20067,18673,19650,18549,22322,24473,23633,18987,-106.251304347826,23433.8913043478,0.157405663974874,-58,"None"
"108",25136,18867,19271,22948,20408,26818,24747,24159,18363,22390,21007,22697,25766,23656,21112,20067,18673,19650,18549,22322,24473,23633,18987,17435,-101.510434782609,22982.7971014493,0.157405663974874,-58,"None"
"109",18867,19271,22948,20408,26818,24747,24159,18363,22390,21007,22697,25766,23656,21112,20067,18673,19650,18549,22322,24473,23633,18987,17435,21503,-66.423043478261,22392.8297101449,0.358743003378695,-38,"None"
"110",19271,22948,20408,26818,24747,24159,18363,22390,21007,22697,25766,23656,21112,20067,18673,19650,18549,22322,24473,23633,18987,17435,21503,19845,-112.897826086957,23014.5144927536,0.130262238783228,-62,"None"
"111",22948,20408,26818,24747,24159,18363,22390,21007,22697,25766,23656,21112,20067,18673,19650,18549,22322,24473,23633,18987,17435,21503,19845,21649,-137.791739130435,23424.7717391304,0.0701839854914924,-74,"None"
"112",20408,26818,24747,24159,18363,22390,21007,22697,25766,23656,21112,20067,18673,19650,18549,22322,24473,23633,18987,17435,21503,19845,21649,25400,-87.2760869565218,22895.4927536232,0.264337332508495,-46,"None"
"113",26818,24747,24159,18363,22390,21007,22697,25766,23656,21112,20067,18673,19650,18549,22322,24473,23633,18987,17435,21503,19845,21649,25400,21160,-108.901304347826,23197.1413043478,0.172491361484953,-56,"None"
"114",24747,24159,18363,22390,21007,22697,25766,23656,21112,20067,18673,19650,18549,22322,24473,23633,18987,17435,21503,19845,21649,25400,21160,17916,-93.9465217391305,22639.2898550725,0.188633153036948,-54,"None"
"115",24159,18363,22390,21007,22697,25766,23656,21112,20067,18673,19650,18549,22322,24473,23633,18987,17435,21503,19845,21649,25400,21160,17916,17637,-96.5517391304349,22375.6050724638,0.172491361484953,-56,"None"
"116",18363,22390,21007,22697,25766,23656,21112,20067,18673,19650,18549,22322,24473,23633,18987,17435,21503,19845,21649,25400,21160,17916,17637,18384,-91.8956521739133,22076.7789855073,0.188633153036948,-54,"None"
"117",22390,21007,22697,25766,23656,21112,20067,18673,19650,18549,22322,24473,23633,18987,17435,21503,19845,21649,25400,21160,17916,17637,18384,21110,-117.957826086957,22517.0144927536,0.0782193445501054,-72,"None"
"118",21007,22697,25766,23656,21112,20067,18673,19650,18549,22322,24473,23633,18987,17435,21503,19845,21649,25400,21160,17916,17637,18384,21110,23133,-82.4069565217393,22103.5869565217,0.243692510127905,-48,"None"
"119",22697,25766,23656,21112,20067,18673,19650,18549,22322,24473,23633,18987,17435,21503,19845,21649,25400,21160,17916,17637,18384,21110,23133,24866,-45.2047826086957,21799.3514492754,0.441931012011212,-32,"None"
"120",25766,23656,21112,20067,18673,19650,18549,22322,24473,23633,18987,17435,21503,19845,21649,25400,21160,17916,17637,18384,21110,23133,24866,25208,10.431304347826,21208.5253623188,0.940681598665201,-4,"None"
"121",23656,21112,20067,18673,19650,18549,22322,24473,23633,18987,17435,21503,19845,21649,25400,21160,17916,17637,18384,21110,23133,24866,25208,18948,34.6426086956522,20621.8007246377,0.862155608227145,8,"None"
"122",21112,20067,18673,19650,18549,22322,24473,23633,18987,17435,21503,19845,21649,25400,21160,17916,17637,18384,21110,23133,24866,25208,18948,19819,50.5578260869563,20262.9855072464,0.67326236331124,18,"None"
"123",20067,18673,19650,18549,22322,24473,23633,18987,17435,21503,19845,21649,25400,21160,17916,17637,18384,21110,23133,24866,25208,18948,19819,23670,80.6673913043478,19993.1992753623,0.385309974990906,36,"None"
"124",18673,19650,18549,22322,24473,23633,18987,17435,21503,19845,21649,25400,21160,17916,17637,18384,21110,23133,24866,25208,18948,19819,23670,27064,131.133913043478,19653.9094202899,0.157405663974874,58,"None"
"125",19650,18549,22322,24473,23633,18987,17435,21503,19845,21649,25400,21160,17916,17637,18384,21110,23133,24866,25208,18948,19819,23670,27064,28525,174.973913043478,19516.4094202899,0.0965338291080209,68,"None"
"126",18549,22322,24473,23633,18987,17435,21503,19845,21649,25400,21160,17916,17637,18384,21110,23133,24866,25208,18948,19819,23670,27064,28525,31563,251.24652173913,19059.3768115942,0.0445205240876462,82,"Positive"
"127",22322,24473,23633,18987,17435,21503,19845,21649,25400,21160,17916,17637,18384,21110,23133,24866,25208,18948,19819,23670,27064,28525,31563,32270,312.262608695652,18868.384057971,0.0272727365578644,90,"Positive"
"128",24473,23633,18987,17435,21503,19845,21649,25400,21160,17916,17637,18384,21110,23133,24866,25208,18948,19819,23670,27064,28525,31563,32270,25148,331.138260869565,18750.1884057971,0.0122366701240079,102,"Positive"
"129",23633,18987,17435,21503,19845,21649,25400,21160,17916,17637,18384,21110,23133,24866,25208,18948,19819,23670,27064,28525,31563,32270,25148,32150,440.956956521739,17697.3297101449,0.00137538256122597,130,"Positive"
"130",18987,17435,21503,19845,21649,25400,21160,17916,17637,18384,21110,23133,24866,25208,18948,19819,23670,27064,28525,31563,32270,25148,32150,37077,584.239565217391,16466.4637681159,0.00012070863998034,156,"Positive"
"131",17435,21503,19845,21649,25400,21160,17916,17637,18384,21110,23133,24866,25208,18948,19819,23670,27064,28525,31563,32270,25148,32150,37077,35874,653.301739130434,16306.8115942029,5.2745128282932e-05,164,"Positive"
"132",21503,19845,21649,25400,21160,17916,17637,18384,21110,23133,24866,25208,18948,19819,23670,27064,28525,31563,32270,25148,32150,37077,35874,40319,735.259999999999,16235.8333333333,5.2745128282932e-05,164,"Positive"
"133",19845,21649,25400,21160,17916,17637,18384,21110,23133,24866,25208,18948,19819,23670,27064,28525,31563,32270,25148,32150,37077,35874,40319,45993,898.27652173913,15218.5434782609,8.99638362286977e-06,180,"Positive"
"134",21649,25400,21160,17916,17637,18384,21110,23133,24866,25208,18948,19819,23670,27064,28525,31563,32270,25148,32150,37077,35874,40319,45993,41346,975.505652173913,15149.0543478261,3.51077069055209e-06,188,"Positive"
"135",25400,21160,17916,17637,18384,21110,23133,24866,25208,18948,19819,23670,27064,28525,31563,32270,25148,32150,37077,35874,40319,45993,41346,40731,1047.49695652174,15044.2463768116,1.02661320802065e-06,198,"Positive"
"136",21160,17916,17637,18384,21110,23133,24866,25208,18948,19819,23670,27064,28525,31563,32270,25148,32150,37077,35874,40319,45993,41346,40731,41282,1149.17695652174,14434.9963768116,7.3435743183885e-08,218,"Positive"
"137",17916,17637,18384,21110,23133,24866,25208,18948,19819,23670,27064,28525,31563,32270,25148,32150,37077,35874,40319,45993,41346,40731,41282,46431,1242.44956521739,14322.0471014493,1.34530812377285e-08,230,"Positive"
"138",17637,18384,21110,23133,24866,25208,18948,19819,23670,27064,28525,31563,32270,25148,32150,37077,35874,40319,45993,41346,40731,41282,46431,51819,1332.36652173913,14610.7101449275,1.00538982404535e-08,232,"Positive"
"139",18384,21110,23133,24866,25208,18948,19819,23670,27064,28525,31563,32270,25148,32150,37077,35874,40319,45993,41346,40731,41282,46431,51819,56628,1437.86,14916.6666666667,1.00538982404535e-08,232,"Positive"
"140",21110,23133,24866,25208,18948,19819,23670,27064,28525,31563,32270,25148,32150,37077,35874,40319,45993,41346,40731,41282,46431,51819,56628,51360,1464.88782608696,15952.8188405797,1.79584320019061e-08,228,"Positive"
"141",23133,24866,25208,18948,19819,23670,27064,28525,31563,32270,25148,32150,37077,35874,40319,45993,41346,40731,41282,46431,51819,56628,51360,45682,1436.09130434783,17336.6086956522,4.21084157986707e-08,222,"Positive"
"142",24866,25208,18948,19819,23670,27064,28525,31563,32270,25148,32150,37077,35874,40319,45993,41346,40731,41282,46431,51819,56628,51360,45682,50769,1458.78695652174,18204.4130434783,5.56746375062912e-08,220,"Positive"
"143",25208,18948,19819,23670,27064,28525,31563,32270,25148,32150,37077,35874,40319,45993,41346,40731,41282,46431,51819,56628,51360,45682,50769,43084,1399.43826086956,19705.3550724638,1.6612393344949e-07,212,"Positive"
"144",18948,19819,23670,27064,28525,31563,32270,25148,32150,37077,35874,40319,45993,41346,40731,41282,46431,51819,56628,51360,45682,50769,43084,60654,1503.6652173913,19879.4347826087,5.56746375062912e-08,220,"Positive"
"145",19819,23670,27064,28525,31563,32270,25148,32150,37077,35874,40319,45993,41346,40731,41282,46431,51819,56628,51360,45682,50769,43084,60654,60120,1503.68608695652,21594.6739130435,7.3435743183885e-08,218,"Positive"
"146",23670,27064,28525,31563,32270,25148,32150,37077,35874,40319,45993,41346,40731,41282,46431,51819,56628,51360,45682,50769,43084,60654,60120,62496,1501.13260869565,23404.8007246377,7.3435743183885e-08,218,"Positive"
"147",27064,28525,31563,32270,25148,32150,37077,35874,40319,45993,41346,40731,41282,46431,51819,56628,51360,45682,50769,43084,60654,60120,62496,68055,1558.91739130435,24531.865942029,7.3435743183885e-08,218,"Positive"
"148",28525,31563,32270,25148,32150,37077,35874,40319,45993,41346,40731,41282,46431,51819,56628,51360,45682,50769,43084,60654,60120,62496,68055,60018,1534.62782608696,26208.5688405797,1.6612393344949e-07,212,"Positive"
"149",31563,32270,25148,32150,37077,35874,40319,45993,41346,40731,41282,46431,51819,56628,51360,45682,50769,43084,60654,60120,62496,68055,60018,58453,1481.91304347826,28114.5036231884,4.77116451626913e-07,204,"Positive"
"150",32270,25148,32150,37077,35874,40319,45993,41346,40731,41282,46431,51819,56628,51360,45682,50769,43084,60654,60120,62496,68055,60018,58453,58894,1440.60565217391,29769.6376811594,1.31907201494172e-06,196,"Positive"
"151",25148,32150,37077,35874,40319,45993,41346,40731,41282,46431,51819,56628,51360,45682,50769,43084,60654,60120,62496,68055,60018,58453,58894,68035,1474.62695652174,30834.5797101449,1.02661320802065e-06,198,"Positive"
"152",32150,37077,35874,40319,45993,41346,40731,41282,46431,51819,56628,51360,45682,50769,43084,60654,60120,62496,68055,60018,58453,58894,68035,68121,1400.9952173913,33545.518115942,1.02661320802065e-06,198,"Positive"
"153",37077,35874,40319,45993,41346,40731,41282,46431,51819,56628,51360,45682,50769,43084,60654,60120,62496,68055,60018,58453,58894,68035,68121,75819,1443.08434782609,34838.9456521739,1.02661320802065e-06,198,"Positive"
"154",35874,40319,45993,41346,40731,41282,46431,51819,56628,51360,45682,50769,43084,60654,60120,62496,68055,60018,58453,58894,68035,68121,75819,72262,1465.18478260869,36028.731884058,1.02661320802065e-06,198,"Positive"
"155",40319,45993,41346,40731,41282,46431,51819,56628,51360,45682,50769,43084,60654,60120,62496,68055,60018,58453,58894,68035,68121,75819,72262,62537,1346.36347826087,38624.9565217392,3.51077069055209e-06,188,"Positive"
"156",45993,41346,40731,41282,46431,51819,56628,51360,45682,50769,43084,60654,60120,62496,68055,60018,58453,58894,68035,68121,75819,72262,62537,60474,1232.04217391304,40893.7644927536,2.2197854009625e-05,172,"Positive"
"157",41346,40731,41282,46431,51819,56628,51360,45682,50769,43084,60654,60120,62496,68055,60018,58453,58894,68035,68121,75819,72262,62537,60474,62091,1178.03869565217,42239.5579710145,3.43787235416595e-05,168,"Positive"
"158",40731,41282,46431,51819,56628,51360,45682,50769,43084,60654,60120,62496,68055,60018,58453,58894,68035,68121,75819,72262,62537,60474,62091,64511,1083.72608695652,44383.6739130435,6.51026382447591e-05,162,"Positive"
"159",41282,46431,51819,56628,51360,45682,50769,43084,60654,60120,62496,68055,60018,58453,58894,68035,68121,75819,72262,62537,60474,62091,64511,70571,1023.1852173913,46383.768115942,9.84862529834875e-05,158,"Positive"
"160",46431,51819,56628,51360,45682,50769,43084,60654,60120,62496,68055,60018,58453,58894,68035,68121,75819,72262,62537,60474,62091,64511,70571,68442,921.395652173912,48787.8043478261,0.000180060054992451,152,"Positive"
"161",51819,56628,51360,45682,50769,43084,60654,60120,62496,68055,60018,58453,58894,68035,68121,75819,72262,62537,60474,62091,64511,70571,68442,73322,900.756086956522,50166.2572463768,0.000147599628238425,154,"Positive"
"162",56628,51360,45682,50769,43084,60654,60120,62496,68055,60018,58453,58894,68035,68121,75819,72262,62537,60474,62091,64511,70571,68442,73322,64916,831.238260869566,51580.9384057971,0.000322356060620955,146,"Positive"
"163",51360,45682,50769,43084,60654,60120,62496,68055,60018,58453,58894,68035,68121,75819,72262,62537,60474,62091,64511,70571,68442,73322,64916,54867,702.113478260869,53121.6231884058,0.00433759463682779,116,"Positive"
"164",45682,50769,43084,60654,60120,62496,68055,60018,58453,58894,68035,68121,75819,72262,62537,60474,62091,64511,70571,68442,73322,64916,54867,56757,536.159130434782,55420.9275362319,0.0395167129619474,84,"Positive"
"165",50769,43084,60654,60120,62496,68055,60018,58453,58894,68035,68121,75819,72262,62537,60474,62091,64511,70571,68442,73322,64916,54867,56757,66459,400.814347826086,57978.4456521739,0.0869881489183366,70,"None"
"166",43084,60654,60120,62496,68055,60018,58453,58894,68035,68121,75819,72262,62537,60474,62091,64511,70571,68442,73322,64916,54867,56757,66459,71854,356.646086956522,59409.0905797101,0.106899675879221,66,"None"
"167",60654,60120,62496,68055,60018,58453,58894,68035,68121,75819,72262,62537,60474,62091,64511,70571,68442,73322,64916,54867,56757,66459,71854,67455,166.620434782608,62799.8695652174,0.243692510127905,48,"None"
"168",60120,62496,68055,60018,58453,58894,68035,68121,75819,72262,62537,60474,62091,64511,70571,68442,73322,64916,54867,56757,66459,71854,67455,68721,159.040869565217,63230.7391304348,0.205862526307992,52,"None"
"169",62496,68055,60018,58453,58894,68035,68121,75819,72262,62537,60474,62091,64511,70571,68442,73322,64916,54867,56757,66459,71854,67455,68721,56182,13.252173913043,64889.0144927536,0.67326236331124,18,"None"
"170",68055,60018,58453,58894,68035,68121,75819,72262,62537,60474,62091,64511,70571,68442,73322,64916,54867,56757,66459,71854,67455,68721,56182,45548,-209.626086956523,66968.8260869566,0.784969727320738,-12,"None"
"171",60018,58453,58894,68035,68121,75819,72262,62537,60474,62091,64511,70571,68442,73322,64916,54867,56757,66459,71854,67455,68721,56182,45548,45529,-357.533043478262,67879.079710145,0.503037013077514,-28,"None"
"172",58453,58894,68035,68121,75819,72262,62537,60474,62091,64511,70571,68442,73322,64916,54867,56757,66459,71854,67455,68721,56182,45548,45529,58801,-440.490869565217,68865.3442028985,0.243692510127905,-48,"None"
"173",58894,68035,68121,75819,72262,62537,60474,62091,64511,70571,68442,73322,64916,54867,56757,66459,71854,67455,68721,56182,45548,45529,58801,54456,-582.851304347827,70478.3079710145,0.0500486633214097,-80,"None"
"174",68035,68121,75819,72262,62537,60474,62091,64511,70571,68442,73322,64916,54867,56757,66459,71854,67455,68721,56182,45548,45529,58801,54456,59358,-667.922608695653,71561.0326086957,0.0161270687117826,-98,"Negative"
"175",68121,75819,72262,62537,60474,62091,64511,70571,68442,73322,64916,54867,56757,66459,71854,67455,68721,56182,45548,45529,58801,54456,59358,59295,-654.668695652175,71031.1920289855,0.0140635567083528,-100,"Negative"
"176",75819,72262,62537,60474,62091,64511,70571,68442,73322,64916,54867,56757,66459,71854,67455,68721,56182,45548,45529,58801,54456,59358,59295,54121,-684.620000000002,70822.2500000001,0.00685763096562804,-110,"Negative"
"177",72262,62537,60474,62091,64511,70571,68442,73322,64916,54867,56757,66459,71854,67455,68721,56182,45548,45529,58801,54456,59358,59295,54121,45751,-702.423478260871,69791.9601449276,0.00920185395584991,-106,"Negative"
"178",62537,60474,62091,64511,70571,68442,73322,64916,54867,56757,66459,71854,67455,68721,56182,45548,45529,58801,54456,59358,59295,54121,45751,47627,-713.983913043479,68910.0072463768,0.0122366701240079,-102,"Negative"
"179",60474,62091,64511,70571,68442,73322,64916,54867,56757,66459,71854,67455,68721,56182,45548,45529,58801,54456,59358,59295,54121,45751,47627,47995,-806.149130434784,69456.1557971015,0.00589998362459981,-112,"Negative"
"180",62091,64511,70571,68442,73322,64916,54867,56757,66459,71854,67455,68721,56182,45548,45529,58801,54456,59358,59295,54121,45751,47627,47995,56055,-827.493043478261,69538.8297101449,0.00433759463682779,-116,"Negative"
"181",64511,70571,68442,73322,64916,54867,56757,66459,71854,67455,68721,56182,45548,45529,58801,54456,59358,59295,54121,45751,47627,47995,56055,51314,-874.828260869565,69681.4782608696,0.00228124964050494,-124,"Negative"
"182",70571,68442,73322,64916,54867,56757,66459,71854,67455,68721,56182,45548,45529,58801,54456,59358,59295,54121,45751,47627,47995,56055,51314,65340,-746.227826086957,68108.5144927536,0.00795270628674551,-108,"Negative"
"183",68442,73322,64916,54867,56757,66459,71854,67455,68721,56182,45548,45529,58801,54456,59358,59295,54121,45751,47627,47995,56055,51314,65340,46918,-736.698695652174,67003.8586956522,0.00920185395584991,-106,"Negative"
"184",73322,64916,54867,56757,66459,71854,67455,68721,56182,45548,45529,58801,54456,59358,59295,54121,45751,47627,47995,56055,51314,65340,46918,39195,-806.973043478261,66663.6630434783,0.00589998362459981,-112,"Negative"
"185",64916,54867,56757,66459,71854,67455,68721,56182,45548,45529,58801,54456,59358,59295,54121,45751,47627,47995,56055,51314,65340,46918,39195,36675,-823.971739130435,65349.1884057971,0.00589998362459981,-112,"Negative"
"186",54867,56757,66459,71854,67455,68721,56182,45548,45529,58801,54456,59358,59295,54121,45751,47627,47995,56055,51314,65340,46918,39195,36675,45034,-816.883043478262,64432.1630434783,0.00370652267173548,-118,"Negative"
"187",56757,66459,71854,67455,68721,56182,45548,45529,58801,54456,59358,59295,54121,45751,47627,47995,56055,51314,65340,46918,39195,36675,45034,47359,-878.483913043478,64889.3405797101,0.00193161353576358,-126,"Negative"
"188",66459,71854,67455,68721,56182,45548,45529,58801,54456,59358,59295,54121,45751,47627,47995,56055,51314,65340,46918,39195,36675,45034,47359,43843,-948.172608695653,65222.365942029,0.000678300155617099,-138,"Negative"
"189",71854,67455,68721,56182,45548,45529,58801,54456,59358,59295,54121,45751,47627,47995,56055,51314,65340,46918,39195,36675,45034,47359,43843,48747,-852.135217391304,63283.8985507246,0.00268800643700885,-122,"Negative"
"190",67455,68721,56182,45548,45529,58801,54456,59358,59295,54121,45751,47627,47995,56055,51314,65340,46918,39195,36675,45034,47359,43843,48747,43067,-738.854782608695,60668.4347826087,0.00370652267173548,-118,"Negative"
"191",68721,56182,45548,45529,58801,54456,59358,59295,54121,45751,47627,47995,56055,51314,65340,46918,39195,36675,45034,47359,43843,48747,43067,34264,-736.387391304348,59254.634057971,0.00316005292304445,-120,"Negative"
"192",56182,45548,45529,58801,54456,59358,59295,54121,45751,47627,47995,56055,51314,65340,46918,39195,36675,45034,47359,43843,48747,43067,34264,36654,-667.397391304348,57056.134057971,0.00370652267173548,-118,"Negative"
"193",45548,45529,58801,54456,59358,59295,54121,45751,47627,47995,56055,51314,65340,46918,39195,36675,45034,47359,43843,48747,43067,34264,36654,40168,-671.676521739131,56442.3731884058,0.00370652267173548,-118,"Negative"
"194",45529,58801,54456,59358,59295,54121,45751,47627,47995,56055,51314,65340,46918,39195,36675,45034,47359,43843,48747,43067,34264,36654,40168,45359,-725.707391304349,57109.8840579711,0.00137538256122597,-130,"Negative"
"195",58801,54456,59358,59295,54121,45751,47627,47995,56055,51314,65340,46918,39195,36675,45034,47359,43843,48747,43067,34264,36654,40168,45359,45230,-781.070434782609,57789.463768116,0.000469780137134704,-142,"Negative"
"196",54456,59358,59295,54121,45751,47627,47995,56055,51314,65340,46918,39195,36675,45034,47359,43843,48747,43067,34264,36654,40168,45359,45230,46983,-674.382608695653,55963.4492753623,0.00228124964050494,-124,"Negative"
"197",59358,59295,54121,45751,47627,47995,56055,51314,65340,46918,39195,36675,45034,47359,43843,48747,43067,34264,36654,40168,45359,45230,46983,42695,-647.526521739131,55137.7065217392,0.00268800643700885,-122,"Negative"
"198",59295,54121,45751,47627,47995,56055,51314,65340,46918,39195,36675,45034,47359,43843,48747,43067,34264,36654,40168,45359,45230,46983,42695,34400,-640.110869565217,54005.0942028986,0.00268800643700885,-122,"Negative"
"199",54121,45751,47627,47995,56055,51314,65340,46918,39195,36675,45034,47359,43843,48747,43067,34264,36654,40168,45359,45230,46983,42695,34400,35513,-600.547391304348,52519.634057971,0.00316005292304445,-120,"Negative"
"200",45751,47627,47995,56055,51314,65340,46918,39195,36675,45034,47359,43843,48747,43067,34264,36654,40168,45359,45230,46983,42695,34400,35513,41729,-534.383043478261,51176.2463768116,0.00685763096562804,-110,"Negative"
"201",47627,47995,56055,51314,65340,46918,39195,36675,45034,47359,43843,48747,43067,34264,36654,40168,45359,45230,46983,42695,34400,35513,41729,41005,-555.661304347826,51244.4746376812,0.00506457562761041,-114,"Negative"
"202",47995,56055,51314,65340,46918,39195,36675,45034,47359,43843,48747,43067,34264,36654,40168,45359,45230,46983,42695,34400,35513,41729,41005,44192,-520.551304347826,50662.4746376812,0.0140635567083528,-100,"Negative"
"203",56055,51314,65340,46918,39195,36675,45034,47359,43843,48747,43067,34264,36654,40168,45359,45230,46983,42695,34400,35513,41729,41005,44192,50460,-415.774347826087,49455.4710144928,0.0965338291080209,-68,"None"
"204",51314,65340,46918,39195,36675,45034,47359,43843,48747,43067,34264,36654,40168,45359,45230,46983,42695,34400,35513,41729,41005,44192,50460,43001,-300.122173913043,47465.9021739131,0.224207564959049,-50,"None"
"205",65340,46918,39195,36675,45034,47359,43843,48747,43067,34264,36654,40168,45359,45230,46983,42695,34400,35513,41729,41005,44192,50460,43001,31311,-341.551304347826,47150.3079710145,0.205862526307992,-52,"None"
"206",46918,39195,36675,45034,47359,43843,48747,43067,34264,36654,40168,45359,45230,46983,42695,34400,35513,41729,41005,44192,50460,43001,31311,23508,-291.16,44777.4166666667,0.205862526307992,-52,"None"
"207",39195,36675,45034,47359,43843,48747,43067,34264,36654,40168,45359,45230,46983,42695,34400,35513,41729,41005,44192,50460,43001,31311,23508,27469,-365.022173913044,44890.3188405797,0.157405663974874,-58,"None"
"208",36675,45034,47359,43843,48747,43067,34264,36654,40168,45359,45230,46983,42695,34400,35513,41729,41005,44192,50460,43001,31311,23508,27469,33911,-441.497826086957,45626.097826087,0.0445205240876462,-82,"Negative"
"209",45034,47359,43843,48747,43067,34264,36654,40168,45359,45230,46983,42695,34400,35513,41729,41005,44192,50460,43001,31311,23508,27469,33911,36173,-518.15,46563.3333333333,0.0161270687117826,-98,"Negative"
"210",47359,43843,48747,43067,34264,36654,40168,45359,45230,46983,42695,34400,35513,41729,41005,44192,50460,43001,31311,23508,27469,33911,36173,47724,-387.996956521739,45048.5036231884,0.0965338291080209,-68,"None"
"211",43843,48747,43067,34264,36654,40168,45359,45230,46983,42695,34400,35513,41729,41005,44192,50460,43001,31311,23508,27469,33911,36173,47724,41126,-300.891304347826,43699.9746376812,0.205862526307992,-52,"None"
"212",48747,43067,34264,36654,40168,45359,45230,46983,42695,34400,35513,41729,41005,44192,50460,43001,31311,23508,27469,33911,36173,47724,41126,34297,-314.873043478261,43476.9963768116,0.172491361484953,-56,"None"
"213",43067,34264,36654,40168,45359,45230,46983,42695,34400,35513,41729,41005,44192,50460,43001,31311,23508,27469,33911,36173,47724,41126,34297,34426,-265.959565217391,42268.8695652174,0.286157321104958,-44,"None"
"214",34264,36654,40168,45359,45230,46983,42695,34400,35513,41729,41005,44192,50460,43001,31311,23508,27469,33911,36173,47724,41126,34297,34426,39556,-215.032173913044,41485.9855072464,0.413045886904529,-34,"None"
"215",36654,40168,45359,45230,46983,42695,34400,35513,41729,41005,44192,50460,43001,31311,23508,27469,33911,36173,47724,41126,34297,34426,39556,38924,-263.056521739131,42280.4565217391,0.205862526307992,-52,"None"
"216",40168,45359,45230,46983,42695,34400,35513,41729,41005,44192,50460,43001,31311,23508,27469,33911,36173,47724,41126,34297,34426,39556,38924,45225,-226.144782608695,42176.1847826087,0.286157321104958,-44,"None"
"217",45359,45230,46983,42695,34400,35513,41729,41005,44192,50460,43001,31311,23508,27469,33911,36173,47724,41126,34297,34426,39556,38924,45225,49243,-118.310434782608,41206.3804347826,0.568337761553861,-24,"None"
"218",45230,46983,42695,34400,35513,41729,41005,44192,50460,43001,31311,23508,27469,33911,36173,47724,41126,34297,34426,39556,38924,45225,49243,42154,-32.8334782608694,40004.3768115942,0.940681598665201,-4,"None"
"219",46983,42695,34400,35513,41729,41005,44192,50460,43001,31311,23508,27469,33911,36173,47724,41126,34297,34426,39556,38924,45225,49243,42154,38404,16.5282608695658,39102.9384057971,0.901297844156357,6,"None"
"220",42695,34400,35513,41729,41005,44192,50460,43001,31311,23508,27469,33911,36173,47724,41126,34297,34426,39556,38924,45225,49243,42154,38404,52039,227.23,36679.8333333333,0.264337332508495,46,"None"
"221",34400,35513,41729,41005,44192,50460,43001,31311,23508,27469,33911,36173,47724,41126,34297,34426,39556,38924,45225,49243,42154,38404,52039,39850,265.036521739131,36088.7101449275,0.172491361484953,56,"None"
"222",35513,41729,41005,44192,50460,43001,31311,23508,27469,33911,36173,47724,41126,34297,34426,39556,38924,45225,49243,42154,38404,52039,39850,39072,207.373913043478,37004.1594202898,0.333358243488261,40,"None"
"223",41729,41005,44192,50460,43001,31311,23508,27469,33911,36173,47724,41126,34297,34426,39556,38924,45225,49243,42154,38404,52039,39850,39072,47103,238.05652173913,37103.5434782609,0.286157321104958,44,"None"
"224",41005,44192,50460,43001,31311,23508,27469,33911,36173,47724,41126,34297,34426,39556,38924,45225,49243,42154,38404,52039,39850,39072,47103,48275,337.946086956522,36127.6739130435,0.106899675879221,66,"None"
"225",44192,50460,43001,31311,23508,27469,33911,36173,47724,41126,34297,34426,39556,38924,45225,49243,42154,38404,52039,39850,39072,47103,48275,44649,388.013913043478,35653.6594202898,0.0628388197410682,76,"None"
"226",50460,43001,31311,23508,27469,33911,36173,47724,41126,34297,34426,39556,38924,45225,49243,42154,38404,52039,39850,39072,47103,48275,44649,37544,398.504347826087,35245.5289855072,0.0701839854914924,74,"None"
"227",43001,31311,23508,27469,33911,36173,47724,41126,34297,34426,39556,38924,45225,49243,42154,38404,52039,39850,39072,47103,48275,44649,37544,33255,440.016086956521,34009.7572463768,0.0561410637912752,78,"None"
"228",31311,23508,27469,33911,36173,47724,41126,34297,34426,39556,38924,45225,49243,42154,38404,52039,39850,39072,47103,48275,44649,37544,33255,43420,517.062608695652,33064.134057971,0.0184521268564432,96,"Positive"
"229",23508,27469,33911,36173,47724,41126,34297,34426,39556,38924,45225,49243,42154,38404,52039,39850,39072,47103,48275,44649,37544,33255,43420,39431,426.78956521739,34530.8804347826,0.0628388197410682,76,"None"
"230",27469,33911,36173,47724,41126,34297,34426,39556,38924,45225,49243,42154,38404,52039,39850,39072,47103,48275,44649,37544,33255,43420,39431,45654,306.870434782608,36952.6195652174,0.106899675879221,66,"None"
"231",33911,36173,47724,41126,34297,34426,39556,38924,45225,49243,42154,38404,52039,39850,39072,47103,48275,44649,37544,33255,43420,39431,45654,54858,302.788260869565,38144.8550724638,0.106899675879221,66,"None"
"232",36173,47724,41126,34297,34426,39556,38924,45225,49243,42154,38404,52039,39850,39072,47103,48275,44649,37544,33255,43420,39431,45654,54858,48595,282.281304347826,39013.0253623189,0.130262238783228,62,"None"
"233",47724,41126,34297,34426,39556,38924,45225,49243,42154,38404,52039,39850,39072,47103,48275,44649,37544,33255,43420,39431,45654,54858,48595,35767,145.312608695652,40708.2173913044,0.503037013077514,28,"None"
"234",41126,34297,34426,39556,38924,45225,49243,42154,38404,52039,39850,39072,47103,48275,44649,37544,33255,43420,39431,45654,54858,48595,35767,39466,171.241304347826,40040.0253623189,0.385309974990906,36,"None"
"235",34297,34426,39556,38924,45225,49243,42154,38404,52039,39850,39072,47103,48275,44649,37544,33255,43420,39431,45654,54858,48595,35767,39466,45200,189.973478260869,39975.6231884058,0.286157321104958,44,"None"
"236",34426,39556,38924,45225,49243,42154,38404,52039,39850,39072,47103,48275,44649,37544,33255,43420,39431,45654,54858,48595,35767,39466,45200,51081,189.744782608695,40677.8152173913,0.309162694873583,42,"None"
"237",39556,38924,45225,49243,42154,38404,52039,39850,39072,47103,48275,44649,37544,33255,43420,39431,45654,54858,48595,35767,39466,45200,51081,58593,251.443478260869,40913.5398550725,0.286157321104958,44,"None"
"238",38924,45225,49243,42154,38404,52039,39850,39072,47103,48275,44649,37544,33255,43420,39431,45654,54858,48595,35767,39466,45200,51081,58593,56358,325.538260869565,40687.4384057971,0.157405663974874,58,"None"
"239",45225,49243,42154,38404,52039,39850,39072,47103,48275,44649,37544,33255,43420,39431,45654,54858,48595,35767,39466,45200,51081,58593,56358,54959,364.16304347826,40872.7536231884,0.130262238783228,62,"None"
"240",49243,42154,38404,52039,39850,39072,47103,48275,44649,37544,33255,43420,39431,45654,54858,48595,35767,39466,45200,51081,58593,56358,54959,45902,366.763478260869,40868.4565217391,0.106899675879221,66,"None"
"241",42154,38404,52039,39850,39072,47103,48275,44649,37544,33255,43420,39431,45654,54858,48595,35767,39466,45200,51081,58593,56358,54959,45902,41873,372.159130434782,40493.9275362319,0.0869881489183366,70,"None"
"242",38404,52039,39850,39072,47103,48275,44649,37544,33255,43420,39431,45654,54858,48595,35767,39466,45200,51081,58593,56358,54959,45902,41873,52235,410.529130434782,40434.3442028986,0.0500486633214097,80,"None"
"243",52039,39850,39072,47103,48275,44649,37544,33255,43420,39431,45654,54858,48595,35767,39466,45200,51081,58593,56358,54959,45902,41873,52235,59777,474.792173913043,40521.597826087,0.0349986294954266,86,"Positive"
"244",39850,39072,47103,48275,44649,37544,33255,43420,39431,45654,54858,48595,35767,39466,45200,51081,58593,56358,54959,45902,41873,52235,59777,64860,719.50652173913,37996.8768115942,0.00316005292304445,120,"Positive"
"245",39072,47103,48275,44649,37544,33255,43420,39431,45654,54858,48595,35767,39466,45200,51081,58593,56358,54959,45902,41873,52235,59777,64860,69169,863.67304347826,37416.4202898551,0.0011565816777279,132,"Positive"
"246",47103,48275,44649,37544,33255,43420,39431,45654,54858,48595,35767,39466,45200,51081,58593,56358,54959,45902,41873,52235,59777,64860,69169,56711,849.308260869565,38330.9384057971,0.00137538256122597,130,"Positive"
"247",48275,44649,37544,33255,43420,39431,45654,54858,48595,35767,39466,45200,51081,58593,56358,54959,45902,41873,52235,59777,64860,69169,56711,49351,833.298695652174,38624.7246376812,0.0011565816777279,132,"Positive"
"248",44649,37544,33255,43420,39431,45654,54858,48595,35767,39466,45200,51081,58593,56358,54959,45902,41873,52235,59777,64860,69169,56711,49351,67775,1012.31347826087,37199.5398550725,0.000180060054992451,152,"Positive"
"249",37544,33255,43420,39431,45654,54858,48595,35767,39466,45200,51081,58593,56358,54959,45902,41873,52235,59777,64860,69169,56711,49351,67775,61966,1076.86869565217,37114.1413043478,8.01670719154822e-05,160,"Positive"
"250",33255,43420,39431,45654,54858,48595,35767,39466,45200,51081,58593,56358,54959,45902,41873,52235,59777,64860,69169,56711,49351,67775,61966,63257,1062.04739130435,38370.7826086956,9.84862529834875e-05,158,"Positive"
"251",43420,39431,45654,54858,48595,35767,39466,45200,51081,58593,56358,54959,45902,41873,52235,59777,64860,69169,56711,49351,67775,61966,63257,76342,1109.09739130435,39577.9492753623,9.84862529834875e-05,158,"Positive"
"252",39431,45654,54858,48595,35767,39466,45200,51081,58593,56358,54959,45902,41873,52235,59777,64860,69169,56711,49351,67775,61966,63257,76342,81881,1284.55956521739,38987.213768116,4.26330474086374e-05,166,"Positive"
"253",45654,54858,48595,35767,39466,45200,51081,58593,56358,54959,45902,41873,52235,59777,64860,69169,56711,49351,67775,61966,63257,76342,81881,82794,1392.34869565217,39446.6413043478,3.43787235416595e-05,168,"Positive"
"254",54858,48595,35767,39466,45200,51081,58593,56358,54959,45902,41873,52235,59777,64860,69169,56711,49351,67775,61966,63257,76342,81881,82794,62113,1323.26217391304,40996.0144927536,6.51026382447591e-05,162,"Positive"
"255",48595,35767,39466,45200,51081,58593,56358,54959,45902,41873,52235,59777,64860,69169,56711,49351,67775,61966,63257,76342,81881,82794,62113,67422,1392.99695652174,40647.829710145,2.76574142471418e-05,170,"Positive"
"256",35767,39466,45200,51081,58593,56358,54959,45902,41873,52235,59777,64860,69169,56711,49351,67775,61966,63257,76342,81881,82794,62113,67422,76793,1477.44043478261,40767.2028985507,1.41983943058307e-05,176,"Positive"
"257",39466,45200,51081,58593,56358,54959,45902,41873,52235,59777,64860,69169,56711,49351,67775,61966,63257,76342,81881,82794,62113,67422,76793,79416,1424.15913043478,43251.9275362319,2.2197854009625e-05,172,"Positive"
"258",45200,51081,58593,56358,54959,45902,41873,52235,59777,64860,69169,56711,49351,67775,61966,63257,76342,81881,82794,62113,67422,76793,79416,91095,1489.91869565217,44581.1413043478,2.2197854009625e-05,172,"Positive"
"259",51081,58593,56358,54959,45902,41873,52235,59777,64860,69169,56711,49351,67775,61966,63257,76342,81881,82794,62113,67422,76793,79416,91095,99130,1653.45956521739,44783.963768116,1.77740808552794e-05,174,"Positive"
"260",58593,56358,54959,45902,41873,52235,59777,64860,69169,56711,49351,67775,61966,63257,76342,81881,82794,62113,67422,76793,79416,91095,99130,89774,1740.46869565217,45308.5579710145,1.41983943058307e-05,176,"Positive"
"261",56358,54959,45902,41873,52235,59777,64860,69169,56711,49351,67775,61966,63257,76342,81881,82794,62113,67422,76793,79416,91095,99130,89774,104924,2026.98391304348,43657.5760869565,2.75844665968567e-06,190,"Positive"
"262",54959,45902,41873,52235,59777,64860,69169,56711,49351,67775,61966,63257,76342,81881,82794,62113,67422,76793,79416,91095,99130,89774,104924,85306,2052.73782608696,44541.8188405797,2.16220437976968e-06,192,"Positive"
"263",45902,41873,52235,59777,64860,69169,56711,49351,67775,61966,63257,76342,81881,82794,62113,67422,76793,79416,91095,99130,89774,104924,85306,127115,2456.20304347826,42505.0036231884,7.97099748400086e-07,200,"Positive"
"264",41873,52235,59777,64860,69169,56711,49351,67775,61966,63257,76342,81881,82794,62113,67422,76793,79416,91095,99130,89774,104924,85306,127115,104607,2473.39826086956,44736.1050724638,1.02661320802065e-06,198,"Positive"
"265",52235,59777,64860,69169,56711,49351,67775,61966,63257,76342,81881,82794,62113,67422,76793,79416,91095,99130,89774,104924,85306,127115,104607,129354,2643.22217391304,46258.347826087,1.02661320802065e-06,198,"Positive"
"266",59777,64860,69169,56711,49351,67775,61966,63257,76342,81881,82794,62113,67422,76793,79416,91095,99130,89774,104924,85306,127115,104607,129354,128000,2836.06608695652,47004.6739130435,1.02661320802065e-06,198,"Positive"
"267",64860,69169,56711,49351,67775,61966,63257,76342,81881,82794,62113,67422,76793,79416,91095,99130,89774,104924,85306,127115,104607,129354,128000,127311,3038.11565217391,47292.9710144928,1.02661320802065e-06,198,"Positive"
"268",69169,56711,49351,67775,61966,63257,76342,81881,82794,62113,67422,76793,79416,91095,99130,89774,104924,85306,127115,104607,129354,128000,127311,115216,3115.74,48420.8333333333,7.97099748400086e-07,200,"Positive"
"269",56711,49351,67775,61966,63257,76342,81881,82794,62113,67422,76793,79416,91095,99130,89774,104924,85306,127115,104607,129354,128000,127311,115216,120572,3249.97347826087,48884.7065217391,3.6781474146907e-07,206,"Positive"
"270",49351,67775,61966,63257,76342,81881,82794,62113,67422,76793,79416,91095,99130,89774,104924,85306,127115,104607,129354,128000,127311,115216,120572,140498,3403.35565217391,50458.5543478261,2.82877914401576e-07,208,"Positive"
"271",67775,61966,63257,76342,81881,82794,62113,67422,76793,79416,91095,99130,89774,104924,85306,127115,104607,129354,128000,127311,115216,120572,140498,146626,3465.15956521739,53739.1304347826,2.82877914401576e-07,208,"Positive"
"272",61966,63257,76342,81881,82794,62113,67422,76793,79416,91095,99130,89774,104924,85306,127115,104607,129354,128000,127311,115216,120572,140498,146626,164833,3824.70739130435,53288.865942029,9.66317106733258e-08,216,"Positive"
"273",63257,76342,81881,82794,62113,67422,76793,79416,91095,99130,89774,104924,85306,127115,104607,129354,128000,127311,115216,120572,140498,146626,164833,180389,4192.27565217391,53628.5543478261,9.66317106733258e-08,216,"Positive"
"274",76342,81881,82794,62113,67422,76793,79416,91095,99130,89774,104924,85306,127115,104607,129354,128000,127311,115216,120572,140498,146626,164833,180389,167765,4344.66,56078.25,9.66317106733258e-08,216,"Positive"
"275",81881,82794,62113,67422,76793,79416,91095,99130,89774,104924,85306,127115,104607,129354,128000,127311,115216,120572,140498,146626,164833,180389,167765,136221,4232.95608695652,59969.5072463768,2.17036899802815e-07,210,"Positive"
"276",82794,62113,67422,76793,79416,91095,99130,89774,104924,85306,127115,104607,129354,128000,127311,115216,120572,140498,146626,164833,180389,167765,136221,162942,4396.6,61301.5,1.6612393344949e-07,212,"Positive"
"277",62113,67422,76793,79416,91095,99130,89774,104924,85306,127115,104607,129354,128000,127311,115216,120572,140498,146626,164833,180389,167765,136221,162942,163922,4509.48,63270.8333333334,1.26851149102931e-07,214,"Positive"
"278",67422,76793,79416,91095,99130,89774,104924,85306,127115,104607,129354,128000,127311,115216,120572,140498,146626,164833,180389,167765,136221,162942,163922,173178,4419.58043478261,69022.2862318841,1.6612393344949e-07,212,"Positive"
"279",76793,79416,91095,99130,89774,104924,85306,127115,104607,129354,128000,127311,115216,120572,140498,146626,164833,180389,167765,136221,162942,163922,173178,191543,4474.45913043478,73508.0108695653,1.6612393344949e-07,212,"Positive"
"280",79416,91095,99130,89774,104924,85306,127115,104607,129354,128000,127311,115216,120572,140498,146626,164833,180389,167765,136221,162942,163922,173178,191543,198299,4590.8252173913,77116.1847826088,1.6612393344949e-07,212,"Positive"
"281",91095,99130,89774,104924,85306,127115,104607,129354,128000,127311,115216,120572,140498,146626,164833,180389,167765,136221,162942,163922,173178,191543,198299,179273,4439.78478260869,83164.8985507248,3.6781474146907e-07,206,"Positive"
"282",99130,89774,104924,85306,127115,104607,129354,128000,127311,115216,120572,140498,146626,164833,180389,167765,136221,162942,163922,173178,191543,198299,179273,146778,4003.90782608695,90933.4855072465,2.16220437976968e-06,192,"Positive"
"283",89774,104924,85306,127115,104607,129354,128000,127311,115216,120572,140498,146626,164833,180389,167765,136221,162942,163922,173178,191543,198299,179273,146778,174450,3883.66782608695,95574.8188405798,3.51077069055209e-06,188,"Positive"
"284",104924,85306,127115,104607,129354,128000,127311,115216,120572,140498,146626,164833,180389,167765,136221,162942,163922,173178,191543,198299,179273,146778,174450,175517,3606.90652173913,102606.960144928,7.13580661850916e-06,182,"Positive"
"285",85306,127115,104607,129354,128000,127311,115216,120572,140498,146626,164833,180389,167765,136221,162942,163922,173178,191543,198299,179273,146778,174450,175517,183287,3497.96,107233.916666667,7.13580661850916e-06,182,"Positive"
"286",127115,104607,129354,128000,127311,115216,120572,140498,146626,164833,180389,167765,136221,162942,163922,173178,191543,198299,179273,146778,174450,175517,183287,112323,2397.99260869565,122109.217391304,0.000678300155617099,138,"Positive"
"287",104607,129354,128000,127311,115216,120572,140498,146626,164833,180389,167765,136221,162942,163922,173178,191543,198299,179273,146778,174450,175517,183287,112323,208187,2687.61782608695,121866.902173913,0.000322356060620955,146,"Positive"
"288",129354,128000,127311,115216,120572,140498,146626,164833,180389,167765,136221,162942,163922,173178,191543,198299,179273,146778,174450,175517,183287,112323,208187,155530,2135.52347826087,130889.873188406,0.00316005292304445,120,"Positive"
"289",128000,127311,115216,120572,140498,146626,164833,180389,167765,136221,162942,163922,173178,191543,198299,179273,146778,174450,175517,183287,112323,208187,155530,140235,1655.18739130435,137347.449275362,0.0184521268564432,96,"Positive"
"290",127311,115216,120572,140498,146626,164833,180389,167765,136221,162942,163922,173178,191543,198299,179273,146778,174450,175517,183287,112323,208187,155530,140235,160570,1354.02217391304,142469.097826087,0.0561410637912752,78,"None"
"291",115216,120572,140498,146626,164833,180389,167765,136221,162942,163922,173178,191543,198299,179273,146778,174450,175517,183287,112323,208187,155530,140235,160570,188217,1293.51608695652,145763.173913043,0.0561410637912752,78,"None"
"292",120572,140498,146626,164833,180389,167765,136221,162942,163922,173178,191543,198299,179273,146778,174450,175517,183287,112323,208187,155530,140235,160570,188217,202555,1191.96086956522,150671.739130435,0.0561410637912752,78,"None"
"293",140498,146626,164833,180389,167765,136221,162942,163922,173178,191543,198299,179273,146778,174450,175517,183287,112323,208187,155530,140235,160570,188217,202555,223610,1283.22608695652,153824.173913043,0.0500486633214097,80,"None"
"294",146626,164833,180389,167765,136221,162942,163922,173178,191543,198299,179273,146778,174450,175517,183287,112323,208187,155530,140235,160570,188217,202555,223610,232785,1593.23,153794.416666667,0.0349986294954266,86,"Positive"
"295",164833,180389,167765,136221,162942,163922,173178,191543,198299,179273,146778,174450,175517,183287,112323,208187,155530,140235,160570,188217,202555,223610,232785,215546,1717.20304347826,155116.420289855,0.0309291487605806,88,"Positive"
"296",180389,167765,136221,162942,163922,173178,191543,198299,179273,146778,174450,175517,183287,112323,208187,155530,140235,160570,188217,202555,223610,232785,215546,181011,1633.79782608696,156833.06884058,0.0349986294954266,86,"Positive"
"297",167765,136221,162942,163922,173178,191543,198299,179273,146778,174450,175517,183287,112323,208187,155530,140235,160570,188217,202555,223610,232785,215546,181011,194861,1843.91173913043,154809.644927536,0.0140635567083528,100,"Positive"
"298",136221,162942,163922,173178,191543,198299,179273,146778,174450,175517,183287,112323,208187,155530,140235,160570,188217,202555,223610,232785,215546,181011,194861,224490,2200.51391304348,152715.65942029,0.00506457562761041,114,"Positive"
"299",162942,163922,173178,191543,198299,179273,146778,174450,175517,183287,112323,208187,155530,140235,160570,188217,202555,223610,232785,215546,181011,194861,224490,222535,2145.37043478261,157001.369565217,0.00685763096562804,110,"Positive"
"300",163922,173178,191543,198299,179273,146778,174450,175517,183287,112323,208187,155530,140235,160570,188217,202555,223610,232785,215546,181011,194861,224490,222535,231516,2395.42695652174,156732.913043478,0.00370652267173548,118,"Positive"
"301",173178,191543,198299,179273,146778,174450,175517,183287,112323,208187,155530,140235,160570,188217,202555,223610,232785,215546,181011,194861,224490,222535,231516,239976,2681.10608695652,156330.84057971,0.00163181525801838,128,"Positive"
"302",191543,198299,179273,146778,174450,175517,183287,112323,208187,155530,140235,160570,188217,202555,223610,232785,215546,181011,194861,224490,222535,231516,239976,217385,2775.35,156994.75,0.00193161353576358,126,"Positive"
"303",198299,179273,146778,174450,175517,183287,112323,208187,155530,140235,160570,188217,202555,223610,232785,215546,181011,194861,224490,222535,231516,239976,217385,187804,2734.96260869565,157343.800724638,0.00268800643700885,122,"Positive"
"304",179273,146778,174450,175517,183287,112323,208187,155530,140235,160570,188217,202555,223610,232785,215546,181011,194861,224490,222535,231516,239976,217385,187804,193712,2830.34130434782,155960.442028986,0.00193161353576358,126,"Positive"
"305",146778,174450,175517,183287,112323,208187,155530,140235,160570,188217,202555,223610,232785,215546,181011,194861,224490,222535,231516,239976,217385,187804,193712,210104,2886.82434782608,156539.028985507,0.00228124964050494,124,"Positive"
"306",174450,175517,183287,112323,208187,155530,140235,160570,188217,202555,223610,232785,215546,181011,194861,224490,222535,231516,239976,217385,187804,193712,210104,246644,2928.69130434782,160176.775362319,0.00163181525801838,128,"Positive"
"307",175517,183287,112323,208187,155530,140235,160570,188217,202555,223610,232785,215546,181011,194861,224490,222535,231516,239976,217385,187804,193712,210104,246644,239678,3114.84086956522,160567.739130435,0.0011565816777279,132,"Positive"
"308",183287,112323,208187,155530,140235,160570,188217,202555,223610,232785,215546,181011,194861,224490,222535,231516,239976,217385,187804,193712,210104,246644,239678,251935,3378.43826086956,160456.855072464,0.000565147223178269,140,"Positive"
"309",112323,208187,155530,140235,160570,188217,202555,223610,232785,215546,181011,194861,224490,222535,231516,239976,217385,187804,193712,210104,246644,239678,251935,191894,3059.63173913043,164800.561594203,0.00370652267173548,118,"Positive"
"310",208187,155530,140235,160570,188217,202555,223610,232785,215546,181011,194861,224490,222535,231516,239976,217385,187804,193712,210104,246644,239678,251935,191894,187746,1920.51304347826,182182.170289855,0.0500486633214097,80,"None"
"311",155530,140235,160570,188217,202555,223610,232785,215546,181011,194861,224490,222535,231516,239976,217385,187804,193712,210104,246644,239678,251935,191894,187746,199099,1871.33913043478,182418.177536232,0.0628388197410682,76,"None"
"312",140235,160570,188217,202555,223610,232785,215546,181011,194861,224490,222535,231516,239976,217385,187804,193712,210104,246644,239678,251935,191894,187746,199099,198067,1247.38913043478,191989.927536232,0.224207564959049,50,"None"
"313",160570,188217,202555,223610,232785,215546,181011,194861,224490,222535,231516,239976,217385,187804,193712,210104,246644,239678,251935,191894,187746,199099,198067,229561,735.140434782608,202114.952898551,0.358743003378695,38,"None"
"314",188217,202555,223610,232785,215546,181011,194861,224490,222535,231516,239976,217385,187804,193712,210104,246644,239678,251935,191894,187746,199099,198067,229561,194166,12.2995652173914,212550.297101449,0.940681598665201,4,"None"
"315",202555,223610,232785,215546,181011,194861,224490,222535,231516,239976,217385,187804,193712,210104,246644,239678,251935,191894,187746,199099,198067,229561,194166,97615,-1404.75434782609,226488.387681159,0.385309974990906,-36,"None"
"316",223610,232785,215546,181011,194861,224490,222535,231516,239976,217385,187804,193712,210104,246644,239678,251935,191894,187746,199099,198067,229561,194166,97615,226303,-1300.29608695652,226172.15942029,0.47193904041631,-30,"None"
"317",232785,215546,181011,194861,224490,222535,231516,239976,217385,187804,193712,210104,246644,239678,251935,191894,187746,199099,198067,229561,194166,97615,226303,155634,-1694.31956521739,228265.119565217,0.264337332508495,-46,"None"
"318",215546,181011,194861,224490,222535,231516,239976,217385,187804,193712,210104,246644,239678,251935,191894,187746,199099,198067,229561,194166,97615,226303,155634,174651,-1739.3352173913,226405.565217391,0.224207564959049,-50,"None"
"319",181011,194861,224490,222535,231516,239976,217385,187804,193712,210104,246644,239678,251935,191894,187746,199099,198067,229561,194166,97615,226303,155634,174651,200191,-1665.78,224846.333333333,0.264337332508495,-46,"None"
"320",194861,224490,222535,231516,239976,217385,187804,193712,210104,246644,239678,251935,191894,187746,199099,198067,229561,194166,97615,226303,155634,174651,200191,233634,-1619.82304347826,226464.496376812,0.243692510127905,-48,"None"
"321",224490,222535,231516,239976,217385,187804,193712,210104,246644,239678,251935,191894,187746,199099,198067,229561,194166,97615,226303,155634,174651,200191,233634,235565,-1449.77173913043,226034.855072464,0.333358243488261,-40,"None"
"322",222535,231516,239976,217385,187804,193712,210104,246644,239678,251935,191894,187746,199099,198067,229561,194166,97615,226303,155634,174651,200191,233634,235565,153510,-1813.61086956522,227625.344202899,0.172491361484953,-56,"None"
"323",231516,239976,217385,187804,193712,210104,246644,239678,251935,191894,187746,199099,198067,229561,194166,97615,226303,155634,174651,200191,233634,235565,153510,300416,-667.918260869567,216549.22826087,0.503037013077514,-28,"None"
"324",239976,217385,187804,193712,210104,246644,239678,251935,191894,187746,199099,198067,229561,194166,97615,226303,155634,174651,200191,233634,235565,153510,300416,208741,-409.078695652173,212364.775362319,0.67326236331124,-18,"None"
"325",217385,187804,193712,210104,246644,239678,251935,191894,187746,199099,198067,229561,194166,97615,226303,155634,174651,200191,233634,235565,153510,300416,208741,184299,-282.898260869567,208467.644927536,0.709843676469053,-16,"None"
"326",187804,193712,210104,246644,239678,251935,191894,187746,199099,198067,229561,194166,97615,226303,155634,174651,200191,233634,235565,153510,300416,208741,184299,235048,153.632608695649,203746.967391304,0.940681598665201,4,"None"
"327",193712,210104,246644,239678,251935,191894,187746,199099,198067,229561,194166,97615,226303,155634,174651,200191,233634,235565,153510,300416,208741,184299,235048,255389,456.681739130431,202774.894927536,0.747106327334731,14,"None"
"328",210104,246644,239678,251935,191894,187746,199099,198067,229561,194166,97615,226303,155634,174651,200191,233634,235565,153510,300416,208741,184299,235048,255389,278065,991.938695652171,199598.891304348,0.535185319447485,26,"None"
"329",246644,239678,251935,191894,187746,199099,198067,229561,194166,97615,226303,155634,174651,200191,233634,235565,153510,300416,208741,184299,235048,255389,278065,293247,1783.83913043478,193164.427536232,0.243692510127905,48,"None"
"330",239678,251935,191894,187746,199099,198067,229561,194166,97615,226303,155634,174651,200191,233634,235565,153510,300416,208741,184299,235048,255389,278065,293247,262657,2594.7152173913,183695.684782609,0.0561410637912752,78,"None"
"331",251935,191894,187746,199099,198067,229561,194166,97615,226303,155634,174651,200191,233634,235565,153510,300416,208741,184299,235048,255389,278065,293247,262657,213268,2822.05956521739,179753.463768116,0.0272727365578644,90,"Positive"
"332",191894,187746,199099,198067,229561,194166,97615,226303,155634,174651,200191,233634,235565,153510,300416,208741,184299,235048,255389,278065,293247,262657,213268,214982,3222.73739130434,173205.282608696,0.00920185395584991,106,"Positive"
"333",187746,199099,198067,229561,194166,97615,226303,155634,174651,200191,233634,235565,153510,300416,208741,184299,235048,255389,278065,293247,262657,213268,214982,226954,3122.64869565217,175917.224637681,0.0140635567083528,100,"Positive"
"334",199099,198067,229561,194166,97615,226303,155634,174651,200191,233634,235565,153510,300416,208741,184299,235048,255389,278065,293247,262657,213268,214982,226954,230349,2980.93608695652,179463.757246377,0.0210654435485145,94,"Positive"
"335",198067,229561,194166,97615,226303,155634,174651,200191,233634,235565,153510,300416,208741,184299,235048,255389,278065,293247,262657,213268,214982,226954,230349,235614,2978.22956521739,181019.047101449,0.0161270687117826,98,"Positive"
"336",229561,194166,97615,226303,155634,174651,200191,233634,235565,153510,300416,208741,184299,235048,255389,278065,293247,262657,213268,214982,226954,230349,235614,242748,3003.89347826087,182559.956521739,0.0140635567083528,100,"Positive"
"337",194166,97615,226303,155634,174651,200191,233634,235565,153510,300416,208741,184299,235048,255389,278065,293247,262657,213268,214982,226954,230349,235614,242748,201639,2921.94043478261,182420.952898551,0.0239955383536772,92,"Positive"
"338",97615,226303,155634,174651,200191,233634,235565,153510,300416,208741,184299,235048,255389,278065,293247,262657,213268,214982,226954,230349,235614,242748,201639,177793,2241.07913043478,190249.510869565,0.11812849523842,64,"None"
"339",226303,155634,174651,200191,233634,235565,153510,300416,208741,184299,235048,255389,278065,293247,262657,213268,214982,226954,230349,235614,242748,201639,177793,143391,180.967826086954,217908.235507246,0.67326236331124,18,"None"
"340",155634,174651,200191,233634,235565,153510,300416,208741,184299,235048,255389,278065,293247,262657,213268,214982,226954,230349,235614,242748,201639,177793,143391,176738,-186.696086956525,220438.826086957,0.980210979048544,2,"None"
"341",174651,200191,233634,235565,153510,300416,208741,184299,235048,255389,278065,293247,262657,213268,214982,226954,230349,235614,242748,201639,177793,143391,176738,183204,-1214.74130434783,234438.141304348,0.47193904041631,-30,"None"
"342",200191,233634,235565,153510,300416,208741,184299,235048,255389,278065,293247,262657,213268,214982,226954,230349,235614,242748,201639,177793,143391,176738,183204,193750,-1954.59391304348,244482.09057971,0.14334161203712,-60,"None"
"343",233634,235565,153510,300416,208741,184299,235048,255389,278065,293247,262657,213268,214982,226954,230349,235614,242748,201639,177793,143391,176738,183204,193750,190677,-2464.17565217392,250455.445652174,0.0500486633214097,-80,"None"
"344",235565,153510,300416,208741,184299,235048,255389,278065,293247,262657,213268,214982,226954,230349,235614,242748,201639,177793,143391,176738,183204,193750,190677,170622,-2802.52347826087,252059.293478261,0.0210654435485145,-94,"Negative"
"345",153510,300416,208741,184299,235048,255389,278065,293247,262657,213268,214982,226954,230349,235614,242748,201639,177793,143391,176738,183204,193750,190677,170622,131031,-3460.99913043479,255934.655797102,0.00795270628674551,-108,"Negative"
"346",300416,208741,184299,235048,255389,278065,293247,262657,213268,214982,226954,230349,235614,242748,201639,177793,143391,176738,183204,193750,190677,170622,131031,151969,-4711.09782608696,271496.68115942,0.000322356060620955,-146,"Negative"
"347",208741,184299,235048,255389,278065,293247,262657,213268,214982,226954,230349,235614,242748,201639,177793,143391,176738,183204,193750,190677,170622,131031,151969,147570,-4407.04217391305,261327.402173913,0.000469780137134704,-142,"Negative"
"348",184299,235048,255389,278065,293247,262657,213268,214982,226954,230349,235614,242748,201639,177793,143391,176738,183204,193750,190677,170622,131031,151969,147570,153239,-4909.85434782609,265299.971014493,0.00012070863998034,-156,"Negative"
"349",235048,255389,278065,293247,262657,213268,214982,226954,230349,235614,242748,201639,177793,143391,176738,183204,193750,190677,170622,131031,151969,147570,153239,169260,-5469.86782608696,271673.514492754,1.77740808552794e-05,-174,"Negative"
"350",255389,278065,293247,262657,213268,214982,226954,230349,235614,242748,201639,177793,143391,176738,183204,193750,190677,170622,131031,151969,147570,153239,169260,166494,-5492.84434782609,269104.304347826,1.41983943058307e-05,-176,"Negative"
"351",278065,293247,262657,213268,214982,226954,230349,235614,242748,201639,177793,143391,176738,183204,193750,190677,170622,131031,151969,147570,153239,169260,166494,142322,-5476.83086956522,264193.010869565,8.99638362286977e-06,-180,"Negative"
"352",293247,262657,213268,214982,226954,230349,235614,242748,201639,177793,143391,176738,183204,193750,190677,170622,131031,151969,147570,153239,169260,166494,142322,112019,-5419.05,256552.166666667,7.13580661850916e-06,-182,"Negative"
"353",262657,213268,214982,226954,230349,235614,242748,201639,177793,143391,176738,183204,193750,190677,170622,131031,151969,147570,153239,169260,166494,142322,112019,135173,-4820.31956521739,242481.619565217,1.13153093613119e-05,-178,"Negative"
"354",213268,214982,226954,230349,235614,242748,201639,177793,143391,176738,183204,193750,190677,170622,131031,151969,147570,153239,169260,166494,142322,112019,135173,115333,-4615.03347826087,233777.043478261,1.41983943058307e-05,-176,"Negative"
"355",214982,226954,230349,235614,242748,201639,177793,143391,176738,183204,193750,190677,170622,131031,151969,147570,153239,169260,166494,142322,112019,135173,115333,121611,-4755.69652173913,231716.289855072,7.13580661850916e-06,-182,"Negative"
"356",226954,230349,235614,242748,201639,177793,143391,176738,183204,193750,190677,170622,131031,151969,147570,153239,169260,166494,142322,112019,135173,115333,121611,123924,-4774.89739130435,228162.217391304,5.64665176119137e-06,-184,"Negative"
"357",230349,235614,242748,201639,177793,143391,176738,183204,193750,190677,170622,131031,151969,147570,153239,169260,166494,142322,112019,135173,115333,121611,123924,134362,-4480.40695652174,220623.086956522,8.99638362286977e-06,-180,"Negative"
"358",235614,242748,201639,177793,143391,176738,183204,193750,190677,170622,131031,151969,147570,153239,169260,166494,142322,112019,135173,115333,121611,123924,134362,103987,-4372.24956521739,214006.036231884,5.64665176119137e-06,-184,"Negative"
"359",242748,201639,177793,143391,176738,183204,193750,190677,170622,131031,151969,147570,153239,169260,166494,142322,112019,135173,115333,121611,123924,134362,103987,89659,-4240.26391304348,206274.757246377,4.4577020626518e-06,-186,"Negative"
"360",201639,177793,143391,176738,183204,193750,190677,170622,131031,151969,147570,153239,169260,166494,142322,112019,135173,115333,121611,123924,134362,103987,89659,90343,-3896.97739130435,195633.467391304,5.64665176119137e-06,-184,"Negative"
"361",177793,143391,176738,183204,193750,190677,170622,131031,151969,147570,153239,169260,166494,142322,112019,135173,115333,121611,123924,134362,103987,89659,90343,95620,-3815.23173913043,190194.188405797,8.99638362286977e-06,-180,"Negative"
"362",143391,176738,183204,193750,190677,170622,131031,151969,147570,153239,169260,166494,142322,112019,135173,115333,121611,123924,134362,103987,89659,90343,95620,95139,-3905.30130434782,187876.141304348,7.13580661850916e-06,-182,"Negative"
"363",176738,183204,193750,190677,170622,131031,151969,147570,153239,169260,166494,142322,112019,135173,115333,121611,123924,134362,103987,89659,90343,95620,95139,105697,-4191.85260869565,189887.449275362,2.16220437976968e-06,-192,"Negative"
"364",183204,193750,190677,170622,131031,151969,147570,153239,169260,166494,142322,112019,135173,115333,121611,123924,134362,103987,89659,90343,95620,95139,105697,99609,-4144.03913043478,186076.072463768,2.75844665968567e-06,-190,"Negative"
"365",193750,190677,170622,131031,151969,147570,153239,169260,166494,142322,112019,135173,115333,121611,123924,134362,103987,89659,90343,95620,95139,105697,99609,87119,-4083.77434782609,181319.221014493,1.69082345001446e-06,-194,"Negative"
"366",190677,170622,131031,151969,147570,153239,169260,166494,142322,112019,135173,115333,121611,123924,134362,103987,89659,90343,95620,95139,105697,99609,87119,65020,-4046.31695652174,175487.253623188,1.69082345001446e-06,-194,"Negative"
"367",170622,131031,151969,147570,153239,169260,166494,142322,112019,135173,115333,121611,123924,134362,103987,89659,90343,95620,95139,105697,99609,87119,65020,54194,-4038.58260869565,169703.782608696,1.69082345001446e-06,-194,"Negative"
"368",131031,151969,147570,153239,169260,166494,142322,112019,135173,115333,121611,123924,134362,103987,89659,90343,95620,95139,105697,99609,87119,65020,54194,62724,-4044.85652173913,165286.456521739,2.16220437976968e-06,-192,"Negative"
"369",151969,147570,153239,169260,166494,142322,112019,135173,115333,121611,123924,134362,103987,89659,90343,95620,95139,105697,99609,87119,65020,54194,62724,70104,-4313.84304347826,166110.163043478,6.174266653039e-07,-202,"Negative"
"370",147570,153239,169260,166494,142322,112019,135173,115333,121611,123924,134362,103987,89659,90343,95620,95139,105697,99609,87119,65020,54194,62724,70104,69556,-4307.74260869565,162600.032608696,6.174266653039e-07,-202,"Negative"
"371",153239,169260,166494,142322,112019,135173,115333,121611,123924,134362,103987,89659,90343,95620,95139,105697,99609,87119,65020,54194,62724,70104,69556,79595,-4177.40391304348,158138.507246377,1.02661320802065e-06,-198,"Negative"
"372",169260,166494,142322,112019,135173,115333,121611,123924,134362,103987,89659,90343,95620,95139,105697,99609,87119,65020,54194,62724,70104,69556,79595,71514,-4007.14695652174,152605.086956522,2.16220437976968e-06,-192,"Negative"
"373",166494,142322,112019,135173,115333,121611,123924,134362,103987,89659,90343,95620,95139,105697,99609,87119,65020,54194,62724,70104,69556,79595,71514,57051,-3736.31347826087,144544.293478261,2.75844665968567e-06,-190,"Negative"
"374",142322,112019,135173,115333,121611,123924,134362,103987,89659,90343,95620,95139,105697,99609,87119,65020,54194,62724,70104,69556,79595,71514,57051,56223,-3406.25217391304,135823.902173913,3.51077069055209e-06,-188,"Negative"
"375",112019,135173,115333,121611,123924,134362,103987,89659,90343,95620,95139,105697,99609,87119,65020,54194,62724,70104,69556,79595,71514,57051,56223,72255,-3082.72217391304,128860.31884058,2.2197854009625e-05,-172,"Negative"
"376",135173,115333,121611,123924,134362,103987,89659,90343,95620,95139,105697,99609,87119,65020,54194,62724,70104,69556,79595,71514,57051,56223,72255,74700,-3003.1947826087,126311.268115942,5.2745128282932e-05,-164,"Negative"
"377",115333,121611,123924,134362,103987,89659,90343,95620,95139,105697,99609,87119,65020,54194,62724,70104,69556,79595,71514,57051,56223,72255,74700,77495,-2611.59217391304,119012.985507246,0.00038960077113497,-144,"Negative"
"378",121611,123924,134362,103987,89659,90343,95620,95139,105697,99609,87119,65020,54194,62724,70104,69556,79595,71514,57051,56223,72255,74700,77495,76929,-2391.14695652174,114657.253623188,0.00137538256122597,-130,"Negative"
"379",123924,134362,103987,89659,90343,95620,95139,105697,99609,87119,65020,54194,62724,70104,69556,79595,71514,57051,56223,72255,74700,77495,76929,64393,-2194.42782608696,109814.18115942,0.00193161353576358,-126,"Negative"
"380",134362,103987,89659,90343,95620,95139,105697,99609,87119,65020,54194,62724,70104,69556,79595,71514,57051,56223,72255,74700,77495,76929,64393,51239,-2054.35260869565,105034.699275362,0.00163181525801838,-128,"Negative"
"381",103987,89659,90343,95620,95139,105697,99609,87119,65020,54194,62724,70104,69556,79595,71514,57051,56223,72255,74700,77495,76929,64393,51239,58912,-1660.88652173913,96972.6231884058,0.00316005292304445,-120,"Negative"
"382",89659,90343,95620,95139,105697,99609,87119,65020,54194,62724,70104,69556,79595,71514,57051,56223,72255,74700,77495,76929,64393,51239,58912,57041,-1550.6847826087,93639.018115942,0.00433759463682779,-116,"Negative"
"383",90343,95620,95139,105697,99609,87119,65020,54194,62724,70104,69556,79595,71514,57051,56223,72255,74700,77495,76929,64393,51239,58912,57041,67194,-1453.86956521739,91492.7862318841,0.00795270628674551,-108,"Negative"
"384",95620,95139,105697,99609,87119,65020,54194,62724,70104,69556,79595,71514,57051,56223,72255,74700,77495,76929,64393,51239,58912,57041,67194,67998,-1322.0447826087,88913.9347826087,0.0184521268564432,-96,"Negative"
"385",95139,105697,99609,87119,65020,54194,62724,70104,69556,79595,71514,57051,56223,72255,74700,77495,76929,64393,51239,58912,57041,67194,67998,66403,-1129.38086956522,85288.2608695652,0.0445205240876462,-82,"Negative"
"386",105697,99609,87119,65020,54194,62724,70104,69556,79595,71514,57051,56223,72255,74700,77495,76929,64393,51239,58912,57041,67194,67998,66403,58195,-998.619130434782,82114.4057971014,0.0628388197410682,-76,"None"
"387",99609,87119,65020,54194,62724,70104,69556,79595,71514,57051,56223,72255,74700,77495,76929,64393,51239,58912,57041,67194,67998,66403,58195,40966,-893.261304347826,78100.3079710145,0.0628388197410682,-76,"None"
"388",87119,65020,54194,62724,70104,69556,79595,71514,57051,56223,72255,74700,77495,76929,64393,51239,58912,57041,67194,67998,66403,58195,40966,45014,-757.309565217391,74126.1195652174,0.0701839854914924,-74,"None"
"389",65020,54194,62724,70104,69556,79595,71514,57051,56223,72255,74700,77495,76929,64393,51239,58912,57041,67194,67998,66403,58195,40966,45014,57695,-582.834782608696,70719.1847826087,0.14334161203712,-60,"None"
"390",54194,62724,70104,69556,79595,71514,57051,56223,72255,74700,77495,76929,64393,51239,58912,57041,67194,67998,66403,58195,40966,45014,57695,57939,-620.540434782609,70895.463768116,0.106899675879221,-66,"None"
"391",62724,70104,69556,79595,71514,57051,56223,72255,74700,77495,76929,64393,51239,58912,57041,67194,67998,66403,58195,40966,45014,57695,57939,62404,-725.112608695652,72544.6992753623,0.0349986294954266,-86,"Negative"
"392",70104,69556,79595,71514,57051,56223,72255,74700,77495,76929,64393,51239,58912,57041,67194,67998,66403,58195,40966,45014,57695,57939,62404,61204,-756.106521739131,72868.7898550725,0.0272727365578644,-90,"Negative"
"393",69556,79595,71514,57051,56223,72255,74700,77495,76929,64393,51239,58912,57041,67194,67998,66403,58195,40966,45014,57695,57939,62404,61204,53215,-785.451304347825,72531.8913043478,0.0184521268564432,-96,"Negative"
"394",79595,71514,57051,56223,72255,74700,77495,76929,64393,51239,58912,57041,67194,67998,66403,58195,40966,45014,57695,57939,62404,61204,53215,38222,-955.996521739131,73358.1231884058,0.00795270628674551,-108,"Negative"
"395",71514,57051,56223,72255,74700,77495,76929,64393,51239,58912,57041,67194,67998,66403,58195,40966,45014,57695,57939,62404,61204,53215,38222,56649,-805.905217391305,70525.8985507247,0.0184521268564432,-96,"Negative"
"396",57051,56223,72255,74700,77495,76929,64393,51239,58912,57041,67194,67998,66403,58195,40966,45014,57695,57939,62404,61204,53215,38222,56649,53811,-752.077826086957,69115.4311594203,0.0210654435485145,-94,"Negative"
"397",56223,72255,74700,77495,76929,64393,51239,58912,57041,67194,67998,66403,58195,40966,45014,57695,57939,62404,61204,53215,38222,56649,53811,58971,-788.463043478262,69650.2463768116,0.0184521268564432,-96,"Negative"
"398",72255,74700,77495,76929,64393,51239,58912,57041,67194,67998,66403,58195,40966,45014,57695,57939,62404,61204,53215,38222,56649,53811,58971,60381,-821.417826086958,70235.4311594203,0.0106232495920759,-104,"Negative"
