"","x_1","x_2","x_3","x_4","x_5","x_6","x_7","x_8","x_9","x_10","x_11","x_12","x_13","x_14","x_15","x_16","x_17","x_18","x_19","x_20","x_21","A","B","mk_pvalue","S","Class"
"1",1,1,1,3,1,1,1,1,2,1,1,3,1,1,1,1,1,1,1,1,1,-0.0181818181818182,1.43809523809524,0.452500328574369,-16,"None"
"2",1,1,3,1,1,1,1,2,1,1,3,1,1,1,1,1,1,1,1,1,1,-0.0246753246753247,1.50952380952381,0.29291225106991,-22,"None"
"3",1,3,1,1,1,1,2,1,1,3,1,1,1,1,1,1,1,1,1,1,1,-0.0311688311688312,1.58095238095238,0.176293549680059,-28,"None"
"4",3,1,1,1,1,2,1,1,3,1,1,1,1,1,1,1,1,1,1,1,1,-0.0376623376623377,1.65238095238095,0.0983803501722191,-34,"None"
"5",1,1,1,1,2,1,1,3,1,1,1,1,1,1,1,1,1,1,1,1,1,-0.0155844155844156,1.31428571428572,0.338692165878931,-17,"None"
"6",1,1,1,2,1,1,3,1,1,1,1,1,1,1,1,1,1,1,1,1,1,-0.0194805194805195,1.35714285714286,0.231719704580291,-21,"None"
"7",1,1,2,1,1,3,1,1,1,1,1,1,1,1,1,1,1,1,1,1,1,-0.0233766233766234,1.4,0.151250389799926,-25,"None"
"8",1,2,1,1,3,1,1,1,1,1,1,1,1,1,1,1,1,1,1,1,1,-0.0272727272727273,1.44285714285714,0.0940683216584019,-29,"None"
"9",2,1,1,3,1,1,1,1,1,1,1,1,1,1,1,1,1,1,1,1,1,-0.0311688311688312,1.48571428571429,0.0556834205680141,-33,"None"
"10",1,1,3,1,1,1,1,1,1,1,1,1,1,1,1,1,1,1,1,1,2,-0.00779220779220784,1.22857142857143,0.904804718192754,3,"None"
"11",1,3,1,1,1,1,1,1,1,1,1,1,1,1,1,1,1,1,1,2,1,-0.0116883116883117,1.27142857142857,1,-1,"None"
"12",3,1,1,1,1,1,1,1,1,1,1,1,1,1,1,1,1,1,2,1,1,-0.0155844155844156,1.31428571428572,0.810959700134834,-5,"None"
"13",1,1,1,1,1,1,1,1,1,1,1,1,1,1,1,1,1,2,1,1,1,0.00909090909090905,0.947619047619049,0.283073893152809,14,"None"
"14",1,1,1,1,1,1,1,1,1,1,1,1,1,1,1,1,2,1,1,1,1,0.00779220779220775,0.961904761904763,0.363722327380711,12,"None"
"15",1,1,1,1,1,1,1,1,1,1,1,1,1,1,1,2,1,1,1,1,1,0.00649350649350645,0.976190476190477,0.457390543168855,10,"None"
"16",1,1,1,1,1,1,1,1,1,1,1,1,1,1,2,1,1,1,1,1,1,0.00519480519480516,0.990476190476192,0.563260084128636,8,"None"
"17",1,1,1,1,1,1,1,1,1,1,1,1,1,2,1,1,1,1,1,1,1,0.00389610389610386,1.00476190476191,0.679708154348493,6,"None"
"18",1,1,1,1,1,1,1,1,1,1,1,1,2,1,1,1,1,1,1,1,8,0.0935064935064935,0.352380952380954,0.151250389799926,25,"None"
"19",1,1,1,1,1,1,1,1,1,1,1,2,1,1,1,1,1,1,1,8,7,0.161038961038961,-0.104761904761903,0.0454102977224784,41,"None"
"20",1,1,1,1,1,1,1,1,1,1,2,1,1,1,1,1,1,1,8,7,23,0.428571428571428,-2,0.0113858820621035,58,"None"
"21",1,1,1,1,1,1,1,1,1,2,1,1,1,1,1,1,1,8,7,23,19,0.615584415584415,-3.2,0.00384574844446598,72,"Positive"
"22",1,1,1,1,1,1,1,1,2,1,1,1,1,1,1,1,8,7,23,19,33,0.961038961038961,-5.47619047619047,0.00104573070086534,87,"Positive"
"23",1,1,1,1,1,1,1,2,1,1,1,1,1,1,1,8,7,23,19,33,77,1.83636363636364,-11.4857142857143,0.00029432638640967,101,"Positive"
"24",1,1,1,1,1,1,2,1,1,1,1,1,1,1,8,7,23,19,33,77,53,2.3012987012987,-14.1238095238095,0.000114544874072062,112,"Positive"
"25",1,1,1,1,1,2,1,1,1,1,1,1,1,8,7,23,19,33,77,53,166,4.16623376623377,-26.7809523809524,3.51971647735468e-05,124,"Positive"
"26",1,1,1,1,2,1,1,1,1,1,1,1,8,7,23,19,33,77,53,166,116,5.16753246753247,-32.3190476190476,1.52824692783041e-05,133,"Positive"
"27",1,1,1,2,1,1,1,1,1,1,1,8,7,23,19,33,77,53,166,116,75,5.48701298701299,-32.3095238095238,1.28320159627155e-05,137,"Positive"
"28",1,1,2,1,1,1,1,1,1,1,8,7,23,19,33,77,53,166,116,75,188,7.17792207792208,-42.0047619047619,4.77037550602228e-06,146,"Positive"
"29",1,2,1,1,1,1,1,1,1,8,7,23,19,33,77,53,166,116,75,188,365,10.9246753246753,-65.8857142857143,1.89584586255843e-06,154,"Positive"
"30",2,1,1,1,1,1,1,1,8,7,23,19,33,77,53,166,116,75,188,365,439,15.1597402597403,-91.6142857142857,8.12961164499461e-07,161,"Positive"
"31",1,1,1,1,1,1,1,8,7,23,19,33,77,53,166,116,75,188,365,439,633,21.3597402597403,-129.766666666667,8.14890813329764e-08,175,"Positive"
"32",1,1,1,1,1,1,8,7,23,19,33,77,53,166,116,75,188,365,439,633,759,28.3623376623377,-170.7,3.64894126259418e-08,181,"Positive"
"33",1,1,1,1,1,8,7,23,19,33,77,53,166,116,75,188,365,439,633,759,234,27.5623376623377,-150.804761904762,7.20676109223459e-08,178,"Positive"
"34",1,1,1,1,8,7,23,19,33,77,53,166,116,75,188,365,439,633,759,234,1467,42.4727272727273,-245.009523809524,4.0796546753289e-08,182,"Positive"
"35",1,1,1,8,7,23,19,33,77,53,166,116,75,188,365,439,633,759,234,1467,1833,60.2324675324675,-353.128571428571,2.61333494545398e-08,185,"Positive"
"36",1,1,8,7,23,19,33,77,53,166,116,75,188,365,439,633,759,234,1467,1833,2657,86.3142857142857,-513.552380952381,1.9185474526261e-08,187,"Positive"
"37",1,8,7,23,19,33,77,53,166,116,75,188,365,439,633,759,234,1467,1833,2657,4494,132.803896103896,-810.985714285713,1.63438587182298e-08,188,"Positive"
"38",8,7,23,19,33,77,53,166,116,75,188,365,439,633,759,234,1467,1833,2657,4494,6367,197.783116883117,-1222.61428571428,1.63438587182298e-08,188,"Positive"
"39",7,23,19,33,77,53,166,116,75,188,365,439,633,759,234,1467,1833,2657,4494,6367,5995,249.763636363636,-1509.30476190476,1.63438587182298e-08,188,"Positive"
"40",23,19,33,77,53,166,116,75,188,365,439,633,759,234,1467,1833,2657,4494,6367,5995,8873,331.331168831169,-1984.35714285714,1.63438587182298e-08,188,"Positive"
"41",19,33,77,53,166,116,75,188,365,439,633,759,234,1467,1833,2657,4494,6367,5995,8873,11238,432.327272727273,-2561.26666666667,1.1483747690364e-08,190,"Positive"
"42",33,77,53,166,116,75,188,365,439,633,759,234,1467,1833,2657,4494,6367,5995,8873,11238,10619,510.662337662338,-2918.19047619048,1.63438587182298e-08,188,"Positive"
"43",77,53,166,116,75,188,365,439,633,759,234,1467,1833,2657,4494,6367,5995,8873,11238,10619,12082,594.431168831169,-3265.88571428571,1.63438587182298e-08,188,"Positive"
"44",53,166,116,75,188,365,439,633,759,234,1467,1833,2657,4494,6367,5995,8873,11238,10619,12082,17856,738.167532467532,-4000.36666666666,8.0402594584727e-09,192,"Positive"
"45",166,116,75,188,365,439,633,759,234,1467,1833,2657,4494,6367,5995,8873,11238,10619,12082,17856,18690,869.302597402597,-4555.37619047618,8.0402594584727e-09,192,"Positive"
"46",116,75,188,365,439,633,759,234,1467,1833,2657,4494,6367,5995,8873,11238,10619,12082,17856,18690,19630,990.055844155844,-4956.80476190476,3.89952840921638e-09,196,"Positive"
"47",75,188,365,439,633,759,234,1467,1833,2657,4494,6367,5995,8873,11238,10619,12082,17856,18690,19630,18899,1075.32337662338,-5000.31904761904,3.89952840921638e-09,196,"Positive"
"48",188,365,439,633,759,234,1467,1833,2657,4494,6367,5995,8873,11238,10619,12082,17856,18690,19630,18899,22075,1176.85844155844,-5069.58571428571,3.89952840921638e-09,196,"Positive"
"49",365,439,633,759,234,1467,1833,2657,4494,6367,5995,8873,11238,10619,12082,17856,18690,19630,18899,22075,26314,1306.48831168831,-5251.41904761904,3.89952840921638e-09,196,"Positive"
"50",439,633,759,234,1467,1833,2657,4494,6367,5995,8873,11238,10619,12082,17856,18690,19630,18899,22075,26314,32243,1481.71688311688,-5660.93333333333,2.70125921482139e-09,198,"Positive"
"51",633,759,234,1467,1833,2657,4494,6367,5995,8873,11238,10619,12082,17856,18690,19630,18899,22075,26314,32243,32235,1616.4987012987,-5629.43809523809,2.70125921482139e-09,198,"Positive"
"52",759,234,1467,1833,2657,4494,6367,5995,8873,11238,10619,12082,17856,18690,19630,18899,22075,26314,32243,32235,32287,1713.43376623377,-5188.39047619047,1.86455393527181e-09,200,"Positive"
"53",234,1467,1833,2657,4494,6367,5995,8873,11238,10619,12082,17856,18690,19630,18899,22075,26314,32243,32235,32287,32416,1772.73506493506,-4333.22857142856,1.28244126833543e-09,202,"Positive"
"54",1467,1833,2657,4494,6367,5995,8873,11238,10619,12082,17856,18690,19630,18899,22075,26314,32243,32235,32287,32416,29877,1750.44935064935,-2676.51428571428,5.60935751266420e-09,194,"Positive"
"55",1833,2657,4494,6367,5995,8873,11238,10619,12082,17856,18690,19630,18899,22075,26314,32243,32235,32287,32416,29877,31381,1726.81298701299,-992.038095238088,2.31784131092112e-08,186,"Positive"
"56",2657,4494,6367,5995,8873,11238,10619,12082,17856,18690,19630,18899,22075,26314,32243,32235,32287,32416,29877,31381,30767,1661.58181818182,1103.31428571429,1.2607515202568e-07,176,"Positive"
"57",4494,6367,5995,8873,11238,10619,12082,17856,18690,19630,18899,22075,26314,32243,32235,32287,32416,29877,31381,30767,31192,1576.06493506493,3402.80952380954,6.2770539943568e-07,166,"Positive"
"58",6367,5995,8873,11238,10619,12082,17856,18690,19630,18899,22075,26314,32243,32235,32287,32416,29877,31381,30767,31192,35941,1541.40779220779,5281.5142857143,6.2770539943568e-07,166,"Positive"
"59",5995,8873,11238,10619,12082,17856,18690,19630,18899,22075,26314,32243,32235,32287,32416,29877,31381,30767,31192,35941,34415,1472.84935064935,7371.2761904762,6.2770539943568e-07,166,"Positive"
"60",8873,11238,10619,12082,17856,18690,19630,18899,22075,26314,32243,32235,32287,32416,29877,31381,30767,31192,35941,34415,29130,1293.91428571428,10441.2285714286,1.19469504175582e-05,146,"Positive"
"61",11238,10619,12082,17856,18690,19630,18899,22075,26314,32243,32235,32287,32416,29877,31381,30767,31192,35941,34415,29130,27255,1101.6974025974,13430.9476190476,0.000203830273131238,124,"Positive"
"62",10619,12082,17856,18690,19630,18899,22075,26314,32243,32235,32287,32416,29877,31381,30767,31192,35941,34415,29130,27255,26930,915.172727272727,16229.9571428572,0.00228925857789761,102,"Positive"
"63",12082,17856,18690,19630,18899,22075,26314,32243,32235,32287,32416,29877,31381,30767,31192,35941,34415,29130,27255,26930,28781,723.464935064935,19203.6,0.017053286657374,80,"None"
"64",17856,18690,19630,18899,22075,26314,32243,32235,32287,32416,29877,31381,30767,31192,35941,34415,29130,27255,26930,28781,25440,485.680519480519,22455.3238095238,0.138966893956733,50,"None"
"65",18690,19630,18899,22075,26314,32243,32235,32287,32416,29877,31381,30767,31192,35941,34415,29130,27255,26930,28781,25440,30035,372.709090909091,24277.9619047619,0.349219342794742,32,"None"
"66",19630,18899,22075,26314,32243,32235,32287,32416,29877,31381,30767,31192,35941,34415,29130,27255,26930,28781,25440,30035,33030,294.731168831168,25818.5761904762,0.414890939658485,28,"None"
"67",18899,22075,26314,32243,32235,32287,32416,29877,31381,30767,31192,35941,34415,29130,27255,26930,28781,25440,30035,33030,27932,145.350649350649,27857.0952380953,0.975910003234818,2,"None"
"68",22075,26314,32243,32235,32287,32416,29877,31381,30767,31192,35941,34415,29130,27255,26930,28781,25440,30035,33030,27932,26096,-49.0987012987015,30338.7523809524,0.31900803011513,-34,"None"
"69",26314,32243,32235,32287,32416,29877,31381,30767,31192,35941,34415,29130,27255,26930,28781,25440,30035,33030,27932,26096,29828,-159.055844155844,31917.4714285714,0.0852100829937604,-58,"None"
"70",32243,32235,32287,32416,29877,31381,30767,31192,35941,34415,29130,27255,26930,28781,25440,30035,33030,27932,26096,29828,25917,-269.316883116883,33111.4380952381,0.00599746571371211,-92,"Negative"
"71",32235,32287,32416,29877,31381,30767,31192,35941,34415,29130,27255,26930,28781,25440,30035,33030,27932,26096,29828,25917,28859,-256.154545454546,32805.5095238095,0.00861078679505445,-88,"Negative"
"72",32287,32416,29877,31381,30767,31192,35941,34415,29130,27255,26930,28781,25440,30035,33030,27932,26096,29828,25917,28859,33570,-177.52987012987,32004.2095238095,0.0654733584595351,-62,"None"
"73",32416,29877,31381,30767,31192,35941,34415,29130,27255,26930,28781,25440,30035,33030,27932,26096,29828,25917,28859,33570,32327,-116.038961038961,31329.7142857143,0.215688695591323,-42,"None"
"74",29877,31381,30767,31192,35941,34415,29130,27255,26930,28781,25440,30035,33030,27932,26096,29828,25917,28859,33570,32327,30396,-77.8350649350653,30813.280952381,0.450295153307041,-26,"None"
"75",31381,30767,31192,35941,34415,29130,27255,26930,28781,25440,30035,33030,27932,26096,29828,25917,28859,33570,32327,30396,26501,-123.863636363637,31158.8333333334,0.238924218578746,-40,"None"
"76",30767,31192,35941,34415,29130,27255,26930,28781,25440,30035,33030,27932,26096,29828,25917,28859,33570,32327,30396,26501,23703,-180.359740259741,31414.6714285714,0.138966893956733,-50,"None"
"77",31192,35941,34415,29130,27255,26930,28781,25440,30035,33030,27932,26096,29828,25917,28859,33570,32327,30396,26501,23703,24577,-224.305194805195,31603.3095238095,0.0748114813174168,-60,"None"
"78",35941,34415,29130,27255,26930,28781,25440,30035,33030,27932,26096,29828,25917,28859,33570,32327,30396,26501,23703,24577,26438,-229.971428571429,31439.2571428572,0.0748114813174168,-60,"None"
"79",34415,29130,27255,26930,28781,25440,30035,33030,27932,26096,29828,25917,28859,33570,32327,30396,26501,23703,24577,26438,29220,-125.49090909091,29969.9238095238,0.31900803011513,-34,"None"
"80",29130,27255,26930,28781,25440,30035,33030,27932,26096,29828,25917,28859,33570,32327,30396,26501,23703,24577,26438,29220,34926,40.0220779220782,28173.6142857143,0.879987855827713,6,"None"
"81",27255,26930,28781,25440,30035,33030,27932,26096,29828,25917,28859,33570,32327,30396,26501,23703,24577,26438,29220,34926,27350,30.9818181818178,28188.2952380953,0.832591967665674,8,"None"
"82",26930,28781,25440,30035,33030,27932,26096,29828,25917,28859,33570,32327,30396,26501,23703,24577,26438,29220,34926,27350,24297,-42.1818181818184,28852.2380952381,0.694644497461478,-14,"None"
"83",28781,25440,30035,33030,27932,26096,29828,25917,28859,33570,32327,30396,26501,23703,24577,26438,29220,34926,27350,24297,24085,-118.9,29560.6619047619,0.290560755378769,-36,"None"
"84",25440,30035,33030,27932,26096,29828,25917,28859,33570,32327,30396,26501,23703,24577,26438,29220,34926,27350,24297,24085,24531,-159.688311688312,29806.9523809524,0.155824587862033,-48,"None"
"85",30035,33030,27932,26096,29828,25917,28859,33570,32327,30396,26501,23703,24577,26438,29220,34926,27350,24297,24085,24531,24559,-242.322077922078,30673.9714285714,0.0371976937291238,-70,"None"
"86",33030,27932,26096,29828,25917,28859,33570,32327,30396,26501,23703,24577,26438,29220,34926,27350,24297,24085,24531,24559,27412,-221.116883116883,30315.8095238095,0.0852100829937604,-58,"None"
"87",27932,26096,29828,25917,28859,33570,32327,30396,26501,23703,24577,26438,29220,34926,27350,24297,24085,24531,24559,27412,26839,-161.161038961039,29361.4857142857,0.215688695591323,-42,"None"
"88",26096,29828,25917,28859,33570,32327,30396,26501,23703,24577,26438,29220,34926,27350,24297,24085,24531,24559,27412,26839,25136,-188.11038961039,29524.7857142857,0.1941266858781,-44,"None"
"89",29828,25917,28859,33570,32327,30396,26501,23703,24577,26438,29220,34926,27350,24297,24085,24531,24559,27412,26839,25136,18867,-319.072727272727,30621.1333333333,0.043053172753608,-68,"None"
"90",25917,28859,33570,32327,30396,26501,23703,24577,26438,29220,34926,27350,24297,24085,24531,24559,27412,26839,25136,18867,19271,-382.085714285714,30811.5619047619,0.0274979604216283,-74,"None"
"91",28859,33570,32327,30396,26501,23703,24577,26438,29220,34926,27350,24297,24085,24531,24559,27412,26839,25136,18867,19271,22948,-439.506493506494,31301.8095238095,0.00599746571371211,-92,"Negative"
"92",33570,32327,30396,26501,23703,24577,26438,29220,34926,27350,24297,24085,24531,24559,27412,26839,25136,18867,19271,22948,20408,-484.02987012987,31389.1380952381,0.00339943459158102,-98,"Negative"
"93",32327,30396,26501,23703,24577,26438,29220,34926,27350,24297,24085,24531,24559,27412,26839,25136,18867,19271,22948,20408,26818,-367.031168831168,29780.6285714286,0.0274979604216283,-74,"None"
"94",30396,26501,23703,24577,26438,29220,34926,27350,24297,24085,24531,24559,27412,26839,25136,18867,19271,22948,20408,26818,24747,-285.916883116883,28527.419047619,0.0967474505928423,-56,"None"
"95",26501,23703,24577,26438,29220,34926,27350,24297,24085,24531,24559,27412,26839,25136,18867,19271,22948,20408,26818,24747,24159,-230.18051948052,27617.3190476191,0.174190482700077,-46,"None"
"96",23703,24577,26438,29220,34926,27350,24297,24085,24531,24559,27412,26839,25136,18867,19271,22948,20408,26818,24747,24159,18363,-297.25974025974,27967.6666666667,0.0852100829937604,-58,"None"
"97",24577,26438,29220,34926,27350,24297,24085,24531,24559,27412,26839,25136,18867,19271,22948,20408,26818,24747,24159,18363,22390,-341.442857142857,28391.1571428571,0.017053286657374,-80,"None"
"98",26438,29220,34926,27350,24297,24085,24531,24559,27412,26839,25136,18867,19271,22948,20408,26818,24747,24159,18363,22390,21007,-389.396103896104,28748.6428571429,0.00719834839155333,-90,"Negative"
"99",29220,34926,27350,24297,24085,24531,24559,27412,26839,25136,18867,19271,22948,20408,26818,24747,24159,18363,22390,21007,22697,-384.179220779221,28513.1142857143,0.00719834839155333,-90,"Negative"
"100",34926,27350,24297,24085,24531,24559,27412,26839,25136,18867,19271,22948,20408,26818,24747,24159,18363,22390,21007,22697,25766,-294.503896103897,27362.2095238095,0.0654733584595351,-62,"None"
"101",27350,24297,24085,24531,24559,27412,26839,25136,18867,19271,22948,20408,26818,24747,24159,18363,22390,21007,22697,25766,23656,-146.231168831169,25194.5428571429,0.174190482700077,-46,"None"
"102",24297,24085,24531,24559,27412,26839,25136,18867,19271,22948,20408,26818,24747,24159,18363,22390,21007,22697,25766,23656,21112,-124.589610389611,24659.4380952381,0.263872009473237,-38,"None"
"103",24085,24531,24559,27412,26839,25136,18867,19271,22948,20408,26818,24747,24159,18363,22390,21007,22697,25766,23656,21112,20067,-152.032467532468,24759.880952381,0.155824587862033,-48,"None"
"104",24531,24559,27412,26839,25136,18867,19271,22948,20408,26818,24747,24159,18363,22390,21007,22697,25766,23656,21112,20067,18673,-195.114285714286,24976.0666666667,0.0571180853056804,-64,"None"
"105",24559,27412,26839,25136,18867,19271,22948,20408,26818,24747,24159,18363,22390,21007,22697,25766,23656,21112,20067,18673,19650,-212.107792207792,24930.5666666667,0.0371976937291238,-70,"None"
"106",27412,26839,25136,18867,19271,22948,20408,26818,24747,24159,18363,22390,21007,22697,25766,23656,21112,20067,18673,19650,18549,-236.661038961039,24914.4619047619,0.017053286657374,-80,"None"
"107",26839,25136,18867,19271,22948,20408,26818,24747,24159,18363,22390,21007,22697,25766,23656,21112,20067,18673,19650,18549,22322,-163.651948051948,23868.980952381,0.0748114813174168,-60,"None"
"108",25136,18867,19271,22948,20408,26818,24747,24159,18363,22390,21007,22697,25766,23656,21112,20067,18673,19650,18549,22322,24473,-64.2831168831173,22663.2571428572,0.414890939658485,-28,"None"
"109",18867,19271,22948,20408,26818,24747,24159,18363,22390,21007,22697,25766,23656,21112,20067,18673,19650,18549,22322,24473,23633,2.92077922077892,21852.4428571429,0.927817769226368,-4,"None"
"110",19271,22948,20408,26818,24747,24159,18363,22390,21007,22697,25766,23656,21112,20067,18673,19650,18549,22322,24473,23633,18987,-77.8181818181819,22746.2857142857,0.349219342794742,-32,"None"
"111",22948,20408,26818,24747,24159,18363,22390,21007,22697,25766,23656,21112,20067,18673,19650,18549,22322,24473,23633,18987,17435,-173.097402597403,23706.9285714286,0.0571180853056804,-64,"None"
"112",20408,26818,24747,24159,18363,22390,21007,22697,25766,23656,21112,20067,18673,19650,18549,22322,24473,23633,18987,17435,21503,-160.632467532468,23501.0047619048,0.0852100829937604,-58,"None"
"113",26818,24747,24159,18363,22390,21007,22697,25766,23656,21112,20067,18673,19650,18549,22322,24473,23633,18987,17435,21503,19845,-204.109090909091,23952.4380952381,0.0320343717059257,-72,"None"
"114",24747,24159,18363,22390,21007,22697,25766,23656,21112,20067,18673,19650,18549,22322,24473,23633,18987,17435,21503,19845,21649,-131.854545454546,22911.4952380952,0.138966893956733,-50,"None"
"115",24159,18363,22390,21007,22697,25766,23656,21112,20067,18673,19650,18549,22322,24473,23633,18987,17435,21503,19845,21649,25400,-33.7584415584414,21863.5333333333,0.694644497461478,-14,"None"
"116",18363,22390,21007,22697,25766,23656,21112,20067,18673,19650,18549,22322,24473,23633,18987,17435,21503,19845,21649,25400,21160,0.0246753246754998,21349.1095238095,1,0,"None"
"117",22390,21007,22697,25766,23656,21112,20067,18673,19650,18549,22322,24473,23633,18987,17435,21503,19845,21649,25400,21160,17916,-87.2272727272726,22287.5952380952,0.290560755378769,-36,"None"
"118",21007,22697,25766,23656,21112,20067,18673,19650,18549,22322,24473,23633,18987,17435,21503,19845,21649,25400,21160,17916,17637,-119.993506493506,22421.6904761905,0.174190482700077,-46,"None"
"119",22697,25766,23656,21112,20067,18673,19650,18549,22322,24473,23633,18987,17435,21503,19845,21649,25400,21160,17916,17637,18384,-156.642857142857,22699.9285714286,0.0654733584595351,-62,"None"
"120",25766,23656,21112,20067,18673,19650,18549,22322,24473,23633,18987,17435,21503,19845,21649,25400,21160,17916,17637,18384,21110,-130.34025974026,22335.0285714286,0.123549865896804,-52,"None"
"121",23656,21112,20067,18673,19650,18549,22322,24473,23633,18987,17435,21503,19845,21649,25400,21160,17916,17637,18384,21110,23133,-31.8610389610392,21126.3761904762,0.566142727568169,-20,"None"
"122",21112,20067,18673,19650,18549,22322,24473,23633,18987,17435,21503,19845,21649,25400,21160,17916,17637,18384,21110,23133,24866,62.4012987012984,20147.1095238095,0.694644497461478,14,"None"
"123",20067,18673,19650,18549,22322,24473,23633,18987,17435,21503,19845,21649,25400,21160,17916,17637,18384,21110,23133,24866,25208,123.190909090909,19673.4714285714,0.31900803011513,34,"None"
"124",18673,19650,18549,22322,24473,23633,18987,17435,21503,19845,21649,25400,21160,17916,17637,18384,21110,23133,24866,25208,18948,82.4337662337659,20068.5142857143,0.487350390335321,24,"None"
"125",19650,18549,22322,24473,23633,18987,17435,21503,19845,21649,25400,21160,17916,17637,18384,21110,23133,24866,25208,18948,19819,34.5272727272724,20650.0571428572,0.785797106178966,10,"None"
"126",18549,22322,24473,23633,18987,17435,21503,19845,21649,25400,21160,17916,17637,18384,21110,23133,24866,25208,18948,19819,23670,49.102597402597,20681.1571428572,0.650581986958389,16,"None"
"127",22322,24473,23633,18987,17435,21503,19845,21649,25400,21160,17916,17637,18384,21110,23133,24866,25208,18948,19819,23670,27064,86.8064935064932,20671.8904761905,0.487350390335321,24,"None"
"128",24473,23633,18987,17435,21503,19845,21649,25400,21160,17916,17637,18384,21110,23133,24866,25208,18948,19819,23670,27064,28525,186.325974025974,19872.5571428571,0.155824587862033,48,"None"
"129",23633,18987,17435,21503,19845,21649,25400,21160,17916,17637,18384,21110,23133,24866,25208,18948,19819,23670,27064,28525,31563,347.972727272727,18432.0619047619,0.0200632459497888,78,"None"
"130",18987,17435,21503,19845,21649,25400,21160,17916,17637,18384,21110,23133,24866,25208,18948,19819,23670,27064,28525,31563,32270,497.593506493506,17197.5190476191,0.00186908189838691,104,"Positive"
"131",17435,21503,19845,21649,25400,21160,17916,17637,18384,21110,23133,24866,25208,18948,19819,23670,27064,28525,31563,32270,25148,477.132467532467,17715.9714285714,0.00228925857789761,102,"Positive"
"132",21503,19845,21649,25400,21160,17916,17637,18384,21110,23133,24866,25208,18948,19819,23670,27064,28525,31563,32270,25148,32150,517.433766233766,17973.3714285714,0.00279438759166356,100,"Positive"
"133",19845,21649,25400,21160,17916,17637,18384,21110,23133,24866,25208,18948,19819,23670,27064,28525,31563,32270,25148,32150,37077,660.725974025974,17138.7761904762,0.000515354543994406,116,"Positive"
"134",21649,25400,21160,17916,17637,18384,21110,23133,24866,25208,18948,19819,23670,27064,28525,31563,32270,25148,32150,37077,35874,744.483116883116,16980.7333333333,0.000203830273131238,124,"Positive"
"135",25400,21160,17916,17637,18384,21110,23133,24866,25208,18948,19819,23670,27064,28525,31563,32270,25148,32150,37077,35874,40319,890.922077922077,16258.9523809524,3.51909335945019e-05,138,"Positive"
"136",21160,17916,17637,18384,21110,23133,24866,25208,18948,19819,23670,27064,28525,31563,32270,25148,32150,37077,35874,40319,45993,1140.38831168831,14495.4428571429,1.16379291734984e-06,162,"Positive"
"137",17916,17637,18384,21110,23133,24866,25208,18948,19819,23670,27064,28525,31563,32270,25148,32150,37077,35874,40319,45993,41346,1242.18831168831,14336.880952381,2.42149694496693e-07,172,"Positive"
"138",17637,18384,21110,23133,24866,25208,18948,19819,23670,27064,28525,31563,32270,25148,32150,37077,35874,40319,45993,41346,40731,1263.44285714286,15189.5095238095,3.33816826981339e-07,170,"Positive"
"139",18384,21110,23133,24866,25208,18948,19819,23670,27064,28525,31563,32270,25148,32150,37077,35874,40319,45993,41346,40731,41282,1258.23766233766,16372.7190476191,6.2770539943568e-07,166,"Positive"
"140",21110,23133,24866,25208,18948,19819,23670,27064,28525,31563,32270,25148,32150,37077,35874,40319,45993,41346,40731,41282,46431,1299.86623376623,17250.3761904762,6.2770539943568e-07,166,"Positive"
"141",23133,24866,25208,18948,19819,23670,27064,28525,31563,32270,25148,32150,37077,35874,40319,45993,41346,40731,41282,46431,51819,1413.98701298701,17457.380952381,3.33816826981339e-07,170,"Positive"
"142",24866,25208,18948,19819,23670,27064,28525,31563,32270,25148,32150,37077,35874,40319,45993,41346,40731,41282,46431,51819,56628,1579.58051948052,17230.8523809524,1.75034906239331e-07,174,"Positive"
"143",25208,18948,19819,23670,27064,28525,31563,32270,25148,32150,37077,35874,40319,45993,41346,40731,41282,46431,51819,56628,51360,1658.01558441558,17629.6857142857,1.2607515202568e-07,176,"Positive"
"144",18948,19819,23670,27064,28525,31563,32270,25148,32150,37077,35874,40319,45993,41346,40731,41282,46431,51819,56628,51360,45682,1633.18831168831,18877.7380952381,1.75034906239331e-07,174,"Positive"
"145",19819,23670,27064,28525,31563,32270,25148,32150,37077,35874,40319,45993,41346,40731,41282,46431,51819,56628,51360,45682,50769,1558.40779220779,21215.6095238096,4.58562501027233e-07,168,"Positive"
"146",23670,27064,28525,31563,32270,25148,32150,37077,35874,40319,45993,41346,40731,41282,46431,51819,56628,51360,45682,50769,43084,1354.93896103896,24561.6238095238,3.83501379362203e-06,154,"Positive"
"147",27064,28525,31563,32270,25148,32150,37077,35874,40319,45993,41346,40731,41282,46431,51819,56628,51360,45682,50769,43084,60654,1404.45194805195,25778.1238095238,3.83501379362203e-06,154,"Positive"
"148",28525,31563,32270,25148,32150,37077,35874,40319,45993,41346,40731,41282,46431,51819,56628,51360,45682,50769,43084,60654,60120,1447.48441558442,26878.8619047619,3.83501379362203e-06,154,"Positive"
"149",31563,32270,25148,32150,37077,35874,40319,45993,41346,40731,41282,46431,51819,56628,51360,45682,50769,43084,60654,60120,62496,1499.31558441558,27926.3857142857,2.86144113158582e-06,156,"Positive"
"150",32270,25148,32150,37077,35874,40319,45993,41346,40731,41282,46431,51819,56628,51360,45682,50769,43084,60654,60120,62496,68055,1622.62337662338,28307.7142857143,2.12753327499577e-06,158,"Positive"
"151",25148,32150,37077,35874,40319,45993,41346,40731,41282,46431,51819,56628,51360,45682,50769,43084,60654,60120,62496,68055,60018,1604.26233766234,29831.0190476191,3.83501379362203e-06,154,"Positive"
"152",32150,37077,35874,40319,45993,41346,40731,41282,46431,51819,56628,51360,45682,50769,43084,60654,60120,62496,68055,60018,58453,1427.7974025974,33358.0857142857,1.5733546133967e-05,144,"Positive"
"153",37077,35874,40319,45993,41346,40731,41282,46431,51819,56628,51360,45682,50769,43084,60654,60120,62496,68055,60018,58453,58894,1313.83506493507,35885.1952380952,5.91464171482653e-05,134,"Positive"
"154",35874,40319,45993,41346,40731,41282,46431,51819,56628,51360,45682,50769,43084,60654,60120,62496,68055,60018,58453,58894,68035,1354.24025974026,36914.9285714286,5.91464171482653e-05,134,"Positive"
"155",40319,45993,41346,40731,41282,46431,51819,56628,51360,45682,50769,43084,60654,60120,62496,68055,60018,58453,58894,68035,68121,1338.37142857143,38625.0571428571,5.91464171482653e-05,134,"Positive"
"156",45993,41346,40731,41282,46431,51819,56628,51360,45682,50769,43084,60654,60120,62496,68055,60018,58453,58894,68035,68121,75819,1444.0974025974,39152.5476190476,5.91464171482653e-05,134,"Positive"
"157",41346,40731,41282,46431,51819,56628,51360,45682,50769,43084,60654,60120,62496,68055,60018,58453,58894,68035,68121,75819,72262,1538.58181818182,39364.1238095238,2.06479894891453e-05,142,"Positive"
"158",40731,41282,46431,51819,56628,51360,45682,50769,43084,60654,60120,62496,68055,60018,58453,58894,68035,68121,75819,72262,62537,1406.26623376623,41828.6904761905,4.57020556458197e-05,136,"Positive"
"159",41282,46431,51819,56628,51360,45682,50769,43084,60654,60120,62496,68055,60018,58453,58894,68035,68121,75819,72262,62537,60474,1210.85194805195,44918.3904761905,0.000326348681185659,120,"Positive"
"160",46431,51819,56628,51360,45682,50769,43084,60654,60120,62496,68055,60018,58453,58894,68035,68121,75819,72262,62537,60474,62091,1018.66883116883,48023.3095238095,0.00152084242070237,106,"Positive"
"161",51819,56628,51360,45682,50769,43084,60654,60120,62496,68055,60018,58453,58894,68035,68121,75819,72262,62537,60474,62091,64511,904.446753246753,50140.7047619048,0.00279438759166356,100,"Positive"
"162",56628,51360,45682,50769,43084,60654,60120,62496,68055,60018,58453,58894,68035,68121,75819,72262,62537,60474,62091,64511,70571,922.416883116883,50835.9857142857,0.00186908189838691,104,"Positive"
"163",51360,45682,50769,43084,60654,60120,62496,68055,60018,58453,58894,68035,68121,75819,72262,62537,60474,62091,64511,70571,68442,957.084415584416,51017.2142857143,0.00152084242070237,106,"Positive"
"164",45682,50769,43084,60654,60120,62496,68055,60018,58453,58894,68035,68121,75819,72262,62537,60474,62091,64511,70571,68442,73322,964.528571428572,51981.1380952381,0.000996671926281875,110,"Positive"
"165",50769,43084,60654,60120,62496,68055,60018,58453,58894,68035,68121,75819,72262,62537,60474,62091,64511,70571,68442,73322,64916,753.167532467533,55222.0142857143,0.00412152626514253,96,"Positive"
"166",43084,60654,60120,62496,68055,60018,58453,58894,68035,68121,75819,72262,62537,60474,62091,64511,70571,68442,73322,64916,54867,458.992207792208,58653.0857142857,0.0748114813174168,60,"None"
"167",60654,60120,62496,68055,60018,58453,58894,68035,68121,75819,72262,62537,60474,62091,64511,70571,68442,73322,64916,54867,56757,74.2545454545454,63536.2952380952,0.525992485609421,22,"None"
"168",60120,62496,68055,60018,58453,58894,68035,68121,75819,72262,62537,60474,62091,64511,70571,68442,73322,64916,54867,56757,66459,48.75974025974,64093.1666666667,0.566142727568169,20,"None"
"169",62496,68055,60018,58453,58894,68035,68121,75819,72262,62537,60474,62091,64511,70571,68442,73322,64916,54867,56757,66459,71854,78.1623376623379,64328.5,0.487350390335321,24,"None"
"170",68055,60018,58453,58894,68035,68121,75819,72262,62537,60474,62091,64511,70571,68442,73322,64916,54867,56757,66459,71854,67455,69.13896103896,64663.9,0.566142727568169,20,"None"
"171",60018,58453,58894,68035,68121,75819,72262,62537,60474,62091,64511,70571,68442,73322,64916,54867,56757,66459,71854,67455,68721,149.531168831169,63811.3,0.290560755378769,36,"None"
"172",58453,58894,68035,68121,75819,72262,62537,60474,62091,64511,70571,68442,73322,64916,54867,56757,66459,71854,67455,68721,56182,-48.6000000000007,65808.0761904762,0.879987855827713,6,"None"
"173",58894,68035,68121,75819,72262,62537,60474,62091,64511,70571,68442,73322,64916,54867,56757,66459,71854,67455,68721,56182,45548,-402.21038961039,69083.2666666667,0.414890939658485,-28,"None"
"174",68035,68121,75819,72262,62537,60474,62091,64511,70571,68442,73322,64916,54867,56757,66459,71854,67455,68721,56182,45548,45529,-733.007792207792,72085.6095238095,0.0748114813174168,-60,"None"
"175",68121,75819,72262,62537,60474,62091,64511,70571,68442,73322,64916,54867,56757,66459,71854,67455,68721,56182,45548,45529,58801,-743.498701298702,71761.2952380953,0.0496694253231422,-66,"None"
"176",75819,72262,62537,60474,62091,64511,70571,68442,73322,64916,54867,56757,66459,71854,67455,68721,56182,45548,45529,58801,54456,-797.197402597404,71701.2666666667,0.0235268491105104,-76,"None"
"177",72262,62537,60474,62091,64511,70571,68442,73322,64916,54867,56757,66459,71854,67455,68721,56182,45548,45529,58801,54456,59358,-659.515584415585,69402.9095238095,0.0654733584595351,-62,"None"
"178",62537,60474,62091,64511,70571,68442,73322,64916,54867,56757,66459,71854,67455,68721,56182,45548,45529,58801,54456,59358,59295,-552.088311688312,67603.7333333334,0.138966893956733,-50,"None"
"179",60474,62091,64511,70571,68442,73322,64916,54867,56757,66459,71854,67455,68721,56182,45548,45529,58801,54456,59358,59295,54121,-633.944155844156,68103.3857142857,0.0571180853056804,-64,"None"
"180",62091,64511,70571,68442,73322,64916,54867,56757,66459,71854,67455,68721,56182,45548,45529,58801,54456,59358,59295,54121,45751,-843.042857142858,69702.3761904762,0.017053286657374,-80,"None"
"181",64511,70571,68442,73322,64916,54867,56757,66459,71854,67455,68721,56182,45548,45529,58801,54456,59358,59295,54121,45751,47627,-985.557142857143,70581.2714285714,0.00599746571371211,-92,"Negative"
"182",70571,68442,73322,64916,54867,56757,66459,71854,67455,68721,56182,45548,45529,58801,54456,59358,59295,54121,45751,47627,47995,-1069.93636363636,70722.9666666667,0.00279438759166356,-100,"Negative"
"183",68442,73322,64916,54867,56757,66459,71854,67455,68721,56182,45548,45529,58801,54456,59358,59295,54121,45751,47627,47995,56055,-941.619480519481,68620.2428571429,0.00861078679505445,-88,"Negative"
"184",73322,64916,54867,56757,66459,71854,67455,68721,56182,45548,45529,58801,54456,59358,59295,54121,45751,47627,47995,56055,51314,-886.436363636364,67197.6095238095,0.012198668997238,-84,"None"
"185",64916,54867,56757,66459,71854,67455,68721,56182,45548,45529,58801,54456,59358,59295,54121,45751,47627,47995,56055,51314,65340,-557.138961038962,63195.2428571429,0.123549865896804,-52,"None"
"186",54867,56757,66459,71854,67455,68721,56182,45548,45529,58801,54456,59358,59295,54121,45751,47627,47995,56055,51314,65340,46918,-576.807792207793,62554.5523809524,0.0967474505928423,-56,"None"
"187",56757,66459,71854,67455,68721,56182,45548,45529,58801,54456,59358,59295,54121,45751,47627,47995,56055,51314,65340,46918,39195,-816.958441558442,64449.9238095238,0.0200632459497888,-78,"None"
"188",66459,71854,67455,68721,56182,45548,45529,58801,54456,59358,59295,54121,45751,47627,47995,56055,51314,65340,46918,39195,36675,-1042.48311688312,65974.4095238095,0.00498016799310635,-94,"Negative"
"189",71854,67455,68721,56182,45548,45529,58801,54456,59358,59295,54121,45751,47627,47995,56055,51314,65340,46918,39195,36675,45034,-994.768831168831,64429.3142857143,0.00412152626514253,-96,"Negative"
"190",67455,68721,56182,45548,45529,58801,54456,59358,59295,54121,45751,47627,47995,56055,51314,65340,46918,39195,36675,45034,47359,-811.963636363635,61252.0285714285,0.0144470758280581,-82,"None"
"191",68721,56182,45548,45529,58801,54456,59358,59295,54121,45751,47627,47995,56055,51314,65340,46918,39195,36675,45034,47359,43843,-705.851948051949,58960.4190476191,0.017053286657374,-80,"None"
"192",56182,45548,45529,58801,54456,59358,59295,54121,45751,47627,47995,56055,51314,65340,46918,39195,36675,45034,47359,43843,48747,-487.301298701299,55605.2190476191,0.0852100829937604,-58,"None"
"193",45548,45529,58801,54456,59358,59295,54121,45751,47627,47995,56055,51314,65340,46918,39195,36675,45034,47359,43843,48747,43067,-495.705194805195,55073.1380952381,0.0654733584595351,-62,"None"
"194",45529,58801,54456,59358,59295,54121,45751,47627,47995,56055,51314,65340,46918,39195,36675,45034,47359,43843,48747,43067,34264,-753.315584415585,57369.5190476191,0.00719834839155333,-90,"Negative"
"195",58801,54456,59358,59295,54121,45751,47627,47995,56055,51314,65340,46918,39195,36675,45034,47359,43843,48747,43067,34264,36654,-965.503896103897,59280.9714285714,0.000515354543994406,-116,"Negative"
"196",54456,59358,59295,54121,45751,47627,47995,56055,51314,65340,46918,39195,36675,45034,47359,43843,48747,43067,34264,36654,40168,-930.92987012987,58013.3714285714,0.000644284759448487,-114,"Negative"
"197",59358,59295,54121,45751,47627,47995,56055,51314,65340,46918,39195,36675,45034,47359,43843,48747,43067,34264,36654,40168,45359,-866.812987012987,56874.8952380953,0.00152084242070237,-106,"Negative"
"198",59295,54121,45751,47627,47995,56055,51314,65340,46918,39195,36675,45034,47359,43843,48747,43067,34264,36654,40168,45359,45230,-722.528571428571,54615.0047619048,0.00599746571371211,-92,"Negative"
"199",54121,45751,47627,47995,56055,51314,65340,46918,39195,36675,45034,47359,43843,48747,43067,34264,36654,40168,45359,45230,46983,-538.02987012987,51999.2333333333,0.0371976937291238,-70,"None"
"200",45751,47627,47995,56055,51314,65340,46918,39195,36675,45034,47359,43843,48747,43067,34264,36654,40168,45359,45230,46983,42695,-467.144155844156,50675.3952380952,0.0571180853056804,-64,"None"
"201",47627,47995,56055,51314,65340,46918,39195,36675,45034,47359,43843,48747,43067,34264,36654,40168,45359,45230,46983,42695,34400,-608.718181818182,51692.1857142857,0.017053286657374,-80,"None"
"202",47995,56055,51314,65340,46918,39195,36675,45034,47359,43843,48747,43067,34264,36654,40168,45359,45230,46983,42695,34400,35513,-694.296103896104,52056.6857142857,0.0102660035819151,-86,"None"
"203",56055,51314,65340,46918,39195,36675,45034,47359,43843,48747,43067,34264,36654,40168,45359,45230,46983,42695,34400,35513,41729,-678.157142857143,51580.7761904762,0.017053286657374,-80,"None"
"204",51314,65340,46918,39195,36675,45034,47359,43843,48747,43067,34264,36654,40168,45359,45230,46983,42695,34400,35513,41729,41005,-548.14025974026,49433.9238095238,0.043053172753608,-68,"None"
"205",65340,46918,39195,36675,45034,47359,43843,48747,43067,34264,36654,40168,45359,45230,46983,42695,34400,35513,41729,41005,44192,-424.916883116884,47739.3238095238,0.174190482700077,-46,"None"
"206",46918,39195,36675,45034,47359,43843,48747,43067,34264,36654,40168,45359,45230,46983,42695,34400,35513,41729,41005,44192,50460,-10.6701298701305,42474.0380952381,0.879987855827713,-6,"None"
"207",39195,36675,45034,47359,43843,48747,43067,34264,36654,40168,45359,45230,46983,42695,34400,35513,41729,41005,44192,50460,43001,62.8597402597397,41478.6857142857,0.879987855827713,6,"None"
"208",36675,45034,47359,43843,48747,43067,34264,36654,40168,45359,45230,46983,42695,34400,35513,41729,41005,44192,50460,43001,31311,-120.67012987013,43122.0857142857,0.487350390335321,-24,"None"
"209",45034,47359,43843,48747,43067,34264,36654,40168,45359,45230,46983,42695,34400,35513,41729,41005,44192,50460,43001,31311,23508,-431.298701298701,45912,0.109501701196475,-54,"None"
"210",47359,43843,48747,43067,34264,36654,40168,45359,45230,46983,42695,34400,35513,41729,41005,44192,50460,43001,31311,23508,27469,-553.971428571429,46424.9714285715,0.0571180853056804,-64,"None"
"211",43843,48747,43067,34264,36654,40168,45359,45230,46983,42695,34400,35513,41729,41005,44192,50460,43001,31311,23508,27469,33911,-536.955844155844,45597.419047619,0.0654733584595351,-62,"None"
"212",48747,43067,34264,36654,40168,45359,45230,46983,42695,34400,35513,41729,41005,44192,50460,43001,31311,23508,27469,33911,36173,-523.327272727273,45082.2666666667,0.0748114813174168,-60,"None"
"213",43067,34264,36654,40168,45359,45230,46983,42695,34400,35513,41729,41005,44192,50460,43001,31311,23508,27469,33911,36173,47724,-279.667532467533,42353.2952380952,0.487350390335321,-24,"None"
"214",34264,36654,40168,45359,45230,46983,42695,34400,35513,41729,41005,44192,50460,43001,31311,23508,27469,33911,36173,47724,41126,-201.51038961039,41401.1380952381,0.694644497461478,-14,"None"
"215",36654,40168,45359,45230,46983,42695,34400,35513,41729,41005,44192,50460,43001,31311,23508,27469,33911,36173,47724,41126,34297,-335.277922077922,42874.1523809524,0.263872009473237,-38,"None"
"216",40168,45359,45230,46983,42695,34400,35513,41729,41005,44192,50460,43001,31311,23508,27469,33911,36173,47724,41126,34297,34426,-433.27012987013,43845.9714285714,0.138966893956733,-50,"None"
"217",45359,45230,46983,42695,34400,35513,41729,41005,44192,50460,43001,31311,23508,27469,33911,36173,47724,41126,34297,34426,39556,-411.545454545455,43577.8571428571,0.109501701196475,-54,"None"
"218",45230,46983,42695,34400,35513,41729,41005,44192,50460,43001,31311,23508,27469,33911,36173,47724,41126,34297,34426,39556,38924,-323.076623376624,42298.2714285714,0.215688695591323,-42,"None"
"219",46983,42695,34400,35513,41729,41005,44192,50460,43001,31311,23508,27469,33911,36173,47724,41126,34297,34426,39556,38924,45225,-146.262337662338,40353.0761904762,0.694644497461478,-14,"None"
"220",42695,34400,35513,41729,41005,44192,50460,43001,31311,23508,27469,33911,36173,47724,41126,34297,34426,39556,38924,45225,49243,107.783116883117,37666.1952380952,0.566142727568169,20,"None"
"221",34400,35513,41729,41005,44192,50460,43001,31311,23508,27469,33911,36173,47724,41126,34297,34426,39556,38924,45225,49243,42154,205.571428571428,36564.7619047619,0.290560755378769,36,"None"
"222",35513,41729,41005,44192,50460,43001,31311,23508,27469,33911,36173,47724,41126,34297,34426,39556,38924,45225,49243,42154,38404,136.861038961039,37511.2428571429,0.525992485609421,22,"None"
"223",41729,41005,44192,50460,43001,31311,23508,27469,33911,36173,47724,41126,34297,34426,39556,38924,45225,49243,42154,38404,52039,255.928571428571,36988.4523809524,0.31900803011513,34,"None"
"224",41005,44192,50460,43001,31311,23508,27469,33911,36173,47724,41126,34297,34426,39556,38924,45225,49243,42154,38404,52039,39850,284.035064935065,36589.8047619048,0.263872009473237,38,"None"
"225",44192,50460,43001,31311,23508,27469,33911,36173,47724,41126,34297,34426,39556,38924,45225,49243,42154,38404,52039,39850,39072,294.135064935064,36386.6571428572,0.263872009473237,38,"None"
"226",50460,43001,31311,23508,27469,33911,36173,47724,41126,34297,34426,39556,38924,45225,49243,42154,38404,52039,39850,39072,47103,456.572727272727,34738.4619047619,0.0748114813174168,60,"None"
"227",43001,31311,23508,27469,33911,36173,47724,41126,34297,34426,39556,38924,45225,49243,42154,38404,52039,39850,39072,47103,48275,719.993506493506,31736.7857142857,0.00498016799310635,94,"Positive"
"228",31311,23508,27469,33911,36173,47724,41126,34297,34426,39556,38924,45225,49243,42154,38404,52039,39850,39072,47103,48275,44649,832.603896103896,30576.5476190476,0.000996671926281875,110,"Positive"
"229",23508,27469,33911,36173,47724,41126,34297,34426,39556,38924,45225,49243,42154,38404,52039,39850,39072,47103,48275,44649,37544,683.801298701298,32510.1857142857,0.0102660035819151,86,"None"
"230",27469,33911,36173,47724,41126,34297,34426,39556,38924,45225,49243,42154,38404,52039,39850,39072,47103,48275,44649,37544,33255,359.731168831169,36539.1,0.155824587862033,48,"None"
"231",33911,36173,47724,41126,34297,34426,39556,38924,45225,49243,42154,38404,52039,39850,39072,47103,48275,44649,37544,33255,43420,211.601298701299,38928.1,0.31900803011513,34,"None"
"232",36173,47724,41126,34297,34426,39556,38924,45225,49243,42154,38404,52039,39850,39072,47103,48275,44649,37544,33255,43420,39431,82.9792207792206,40605.8,0.739763807728124,12,"None"
"233",47724,41126,34297,34426,39556,38924,45225,49243,42154,38404,52039,39850,39072,47103,48275,44649,37544,33255,43420,39431,45654,60.3207792207794,41306.519047619,0.832591967665674,8,"None"
"234",41126,34297,34426,39556,38924,45225,49243,42154,38404,52039,39850,39072,47103,48275,44649,37544,33255,43420,39431,45654,54858,309.896103896104,38900.9047619048,0.215688695591323,42,"None"
"235",34297,34426,39556,38924,45225,49243,42154,38404,52039,39850,39072,47103,48275,44649,37544,33255,43420,39431,45654,54858,48595,374.611688311689,38544.7,0.0967474505928423,56,"None"
"236",34426,39556,38924,45225,49243,42154,38404,52039,39850,39072,47103,48275,44649,37544,33255,43420,39431,45654,54858,48595,35767,165.472727272728,40915.2285714286,0.525992485609421,22,"None"
"237",39556,38924,45225,49243,42154,38404,52039,39850,39072,47103,48275,44649,37544,33255,43420,39431,45654,54858,48595,35767,39466,4.30649350649372,42928.0571428571,0.975910003234818,-2,"None"
"238",38924,45225,49243,42154,38404,52039,39850,39072,47103,48275,44649,37544,33255,43420,39431,45654,54858,48595,35767,39466,45200,-15.6519480519476,43416.3619047619,0.975910003234818,-2,"None"
"239",45225,49243,42154,38404,52039,39850,39072,47103,48275,44649,37544,33255,43420,39431,45654,54858,48595,35767,39466,45200,51081,24.4077922077925,43554.6095238095,0.975910003234818,2,"None"
"240",49243,42154,38404,52039,39850,39072,47103,48275,44649,37544,33255,43420,39431,45654,54858,48595,35767,39466,45200,51081,58593,236.251948051948,41860.8952380952,0.450295153307041,26,"None"
"241",42154,38404,52039,39850,39072,47103,48275,44649,37544,33255,43420,39431,45654,54858,48595,35767,39466,45200,51081,58593,56358,459.109090909091,39748.2761904762,0.0967474505928423,56,"None"
"242",38404,52039,39850,39072,47103,48275,44649,37544,33255,43420,39431,45654,54858,48595,35767,39466,45200,51081,58593,56358,54959,553.285714285715,39322.0952380952,0.043053172753608,68,"None"
"243",52039,39850,39072,47103,48275,44649,37544,33255,43420,39431,45654,54858,48595,35767,39466,45200,51081,58593,56358,54959,45902,459.637662337663,40709.2714285714,0.0967474505928423,56,"None"
"244",39850,39072,47103,48275,44649,37544,33255,43420,39431,45654,54858,48595,35767,39466,45200,51081,58593,56358,54959,45902,41873,498.712987012987,39795.3476190476,0.0654733584595351,62,"None"
"245",39072,47103,48275,44649,37544,33255,43420,39431,45654,54858,48595,35767,39466,45200,51081,58593,56358,54959,45902,41873,52235,511.433766233766,40245.1809523809,0.0496694253231422,66,"None"
"246",47103,48275,44649,37544,33255,43420,39431,45654,54858,48595,35767,39466,45200,51081,58593,56358,54959,45902,41873,52235,59777,594.903896103896,40312.9619047619,0.0320343717059257,72,"None"
"247",48275,44649,37544,33255,43420,39431,45654,54858,48595,35767,39466,45200,51081,58593,56358,54959,45902,41873,52235,59777,64860,832.225974025974,38547.9904761905,0.00498016799310635,94,"Positive"
"248",44649,37544,33255,43420,39431,45654,54858,48595,35767,39466,45200,51081,58593,56358,54959,45902,41873,52235,59777,64860,69169,1119.19090909091,36386.3285714286,0.000515354543994406,116,"Positive"
"249",37544,33255,43420,39431,45654,54858,48595,35767,39466,45200,51081,58593,56358,54959,45902,41873,52235,59777,64860,69169,56711,1165.42857142857,36452.0952380952,0.000258359804977547,122,"Positive"
"250",33255,43420,39431,45654,54858,48595,35767,39466,45200,51081,58593,56358,54959,45902,41873,52235,59777,64860,69169,56711,49351,998.916883116883,38845.9619047619,0.00152084242070237,106,"Positive"
"251",43420,39431,45654,54858,48595,35767,39466,45200,51081,58593,56358,54959,45902,41873,52235,59777,64860,69169,56711,49351,67775,995.072727272727,40532.0571428572,0.00186908189838691,104,"Positive"
"252",39431,45654,54858,48595,35767,39466,45200,51081,58593,56358,54959,45902,41873,52235,59777,64860,69169,56711,49351,67775,61966,1016.17012987013,41183.1285714286,0.00152084242070237,106,"Positive"
"253",45654,54858,48595,35767,39466,45200,51081,58593,56358,54959,45902,41873,52235,59777,64860,69169,56711,49351,67775,61966,63257,972.962337662337,42792.9857142857,0.00228925857789761,102,"Positive"
"254",54858,48595,35767,39466,45200,51081,58593,56358,54959,45902,41873,52235,59777,64860,69169,56711,49351,67775,61966,63257,76342,1157.64675324675,42222.7904761905,0.000996671926281875,110,"Positive"
"255",48595,35767,39466,45200,51081,58593,56358,54959,45902,41873,52235,59777,64860,69169,56711,49351,67775,61966,63257,76342,81881,1505.8974025974,39678.8428571429,0.000125559643273859,128,"Positive"
"256",35767,39466,45200,51081,58593,56358,54959,45902,41873,52235,59777,64860,69169,56711,49351,67775,61966,63257,76342,81881,82794,1741.43896103896,38716.4095238095,3.51909335945019e-05,138,"Positive"
"257",39466,45200,51081,58593,56358,54959,45902,41873,52235,59777,64860,69169,56711,49351,67775,61966,63257,76342,81881,82794,62113,1480.72467532467,42838.8380952381,0.000203830273131238,124,"Positive"
"258",45200,51081,58593,56358,54959,45902,41873,52235,59777,64860,69169,56711,49351,67775,61966,63257,76342,81881,82794,62113,67422,1307.58571428571,46074.6047619048,0.000644284759448487,114,"Positive"
"259",51081,58593,56358,54959,45902,41873,52235,59777,64860,69169,56711,49351,67775,61966,63257,76342,81881,82794,62113,67422,76793,1301.75584415584,47643.1619047619,0.000802710779479518,112,"Positive"
"260",58593,56358,54959,45902,41873,52235,59777,64860,69169,56711,49351,67775,61966,63257,76342,81881,82794,62113,67422,76793,79416,1372.97532467532,48209.0333333334,0.000644284759448487,114,"Positive"
"261",56358,54959,45902,41873,52235,59777,64860,69169,56711,49351,67775,61966,63257,76342,81881,82794,62113,67422,76793,79416,91095,1666.38571428571,46529.2333333334,0.000125559643273859,128,"Positive"
"262",54959,45902,41873,52235,59777,64860,69169,56711,49351,67775,61966,63257,76342,81881,82794,62113,67422,76793,79416,91095,99130,1990.00779220779,45006.1523809524,3.51909335945019e-05,138,"Positive"
"263",45902,41873,52235,59777,64860,69169,56711,49351,67775,61966,63257,76342,81881,82794,62113,67422,76793,79416,91095,99130,89774,2116.58961038961,45271.6095238096,2.06479894891453e-05,142,"Positive"
"264",41873,52235,59777,64860,69169,56711,49351,67775,61966,63257,76342,81881,82794,62113,67422,76793,79416,91095,99130,89774,104924,2265.32467532467,46446.0952380953,1.5733546133967e-05,144,"Positive"
"265",52235,59777,64860,69169,56711,49351,67775,61966,63257,76342,81881,82794,62113,67422,76793,79416,91095,99130,89774,104924,85306,2025.07142857143,51157.1190476191,4.57020556458197e-05,136,"Positive"
"266",59777,64860,69169,56711,49351,67775,61966,63257,76342,81881,82794,62113,67422,76793,79416,91095,99130,89774,104924,85306,127115,2419.41428571428,50385.061904762,3.51909335945019e-05,138,"Positive"
"267",64860,69169,56711,49351,67775,61966,63257,76342,81881,82794,62113,67422,76793,79416,91095,99130,89774,104924,85306,127115,104607,2531.94155844156,51282.0238095238,3.51909335945019e-05,138,"Positive"
"268",69169,56711,49351,67775,61966,63257,76342,81881,82794,62113,67422,76793,79416,91095,99130,89774,104924,85306,127115,104607,129354,2980.25194805195,49421.7523809524,9.03998428689398e-06,148,"Positive"
"269",56711,49351,67775,61966,63257,76342,81881,82794,62113,67422,76793,79416,91095,99130,89774,104924,85306,127115,104607,129354,128000,3388.77662337662,47729.4571428572,1.5763054522517e-06,160,"Positive"
"270",49351,67775,61966,63257,76342,81881,82794,62113,67422,76793,79416,91095,99130,89774,104924,85306,127115,104607,129354,128000,127311,3533.97792207792,49494.1476190476,2.12753327499577e-06,158,"Positive"
"271",67775,61966,63257,76342,81881,82794,62113,67422,76793,79416,91095,99130,89774,104924,85306,127115,104607,129354,128000,127311,115216,3325.27012987013,54926.3619047619,6.81643156548638e-06,150,"Positive"
"272",61966,63257,76342,81881,82794,62113,67422,76793,79416,91095,99130,89774,104924,85306,127115,104607,129354,128000,127311,115216,120572,3363.78181818182,57016.8761904762,6.81643156548638e-06,150,"Positive"
"273",63257,76342,81881,82794,62113,67422,76793,79416,91095,99130,89774,104924,85306,127115,104607,129354,128000,127311,115216,120572,140498,3509.51948051948,59153.380952381,6.81643156548638e-06,150,"Positive"
"274",76342,81881,82794,62113,67422,76793,79416,91095,99130,89774,104924,85306,127115,104607,129354,128000,127311,115216,120572,140498,146626,3651.2948051948,61563.8047619048,5.12181550720252e-06,152,"Positive"
"275",81881,82794,62113,67422,76793,79416,91095,99130,89774,104924,85306,127115,104607,129354,128000,127311,115216,120572,140498,146626,164833,4108.18181818182,60751.9047619048,2.86144113158582e-06,156,"Positive"
"276",82794,62113,67422,76793,79416,91095,99130,89774,104924,85306,127115,104607,129354,128000,127311,115216,120572,140498,146626,164833,180389,4731.3,58588.4619047619,8.56211852450422e-07,164,"Positive"
"277",62113,67422,76793,79416,91095,99130,89774,104924,85306,127115,104607,129354,128000,127311,115216,120572,140498,146626,164833,180389,167765,5075.58051948052,58847.6142857143,3.33816826981339e-07,170,"Positive"
"278",67422,76793,79416,91095,99130,89774,104924,85306,127115,104607,129354,128000,127311,115216,120572,140498,146626,164833,180389,167765,136221,4604.40389610389,67559.5095238096,1.5763054522517e-06,160,"Positive"
"279",76793,79416,91095,99130,89774,104924,85306,127115,104607,129354,128000,127311,115216,120572,140498,146626,164833,180389,167765,136221,162942,4459.85194805195,73698.1523809525,3.83501379362203e-06,154,"Positive"
"280",79416,91095,99130,89774,104924,85306,127115,104607,129354,128000,127311,115216,120572,140498,146626,164833,180389,167765,136221,162942,163922,4337.84675324675,79189.2095238096,9.03998428689398e-06,148,"Positive"
"281",91095,99130,89774,104924,85306,127115,104607,129354,128000,127311,115216,120572,140498,146626,164833,180389,167765,136221,162942,163922,173178,4260.36623376623,84506.3523809524,1.19469504175582e-05,146,"Positive"
"282",99130,89774,104924,85306,127115,104607,129354,128000,127311,115216,120572,140498,146626,164833,180389,167765,136221,162942,163922,173178,191543,4466.46623376623,87022.4904761906,6.81643156548638e-06,150,"Positive"
"283",89774,104924,85306,127115,104607,129354,128000,127311,115216,120572,140498,146626,164833,180389,167765,136221,162942,163922,173178,191543,198299,4744.64025974026,88684.9095238096,3.83501379362203e-06,154,"Positive"
"284",104924,85306,127115,104607,129354,128000,127311,115216,120572,140498,146626,164833,180389,167765,136221,162942,163922,173178,191543,198299,179273,4513.27532467532,95491.7809523811,6.81643156548638e-06,150,"Positive"
"285",85306,127115,104607,129354,128000,127311,115216,120572,140498,146626,164833,180389,167765,136221,162942,163922,173178,191543,198299,179273,146778,3960.09350649351,103569.828571429,4.57020556458197e-05,136,"Positive"
"286",127115,104607,129354,128000,127311,115216,120572,140498,146626,164833,180389,167765,136221,162942,163922,173178,191543,198299,179273,146778,174450,3431.67532467532,113627.380952381,0.000125559643273859,128,"Positive"
"287",104607,129354,128000,127311,115216,120572,140498,146626,164833,180389,167765,136221,162942,163922,173178,191543,198299,179273,146778,174450,175517,3398.61428571429,116295.90952381,0.000160254800835494,126,"Positive"
"288",129354,128000,127311,115216,120572,140498,146626,164833,180389,167765,136221,162942,163922,173178,191543,198299,179273,146778,174450,175517,183287,3082.05974025974,123524.676190476,0.000258359804977547,122,"Positive"
"289",128000,127311,115216,120572,140498,146626,164833,180389,167765,136221,162942,163922,173178,191543,198299,179273,146778,174450,175517,183287,112323,2095.24155844156,133568.676190476,0.00719834839155333,90,"Positive"
"290",127311,115216,120572,140498,146626,164833,180389,167765,136221,162942,163922,173178,191543,198299,179273,146778,174450,175517,183287,112323,208187,2356.18571428571,134516.719047619,0.00339943459158102,98,"Positive"
"291",115216,120572,140498,146626,164833,180389,167765,136221,162942,163922,173178,191543,198299,179273,146778,174450,175517,183287,112323,208187,155530,1819.29090909091,141766.323809524,0.0200632459497888,78,"None"
"292",120572,140498,146626,164833,180389,167765,136221,162942,163922,173178,191543,198299,179273,146778,174450,175517,183287,112323,208187,155530,140235,874.325974025975,153352.319047619,0.174190482700077,46,"None"
"293",140498,146626,164833,180389,167765,136221,162942,163922,173178,191543,198299,179273,146778,174450,175517,183287,112323,208187,155530,140235,160570,237.474025974026,162262.357142857,0.525992485609421,22,"None"
"294",146626,164833,180389,167765,136221,162942,163922,173178,191543,198299,179273,146778,174450,175517,183287,112323,208187,155530,140235,160570,188217,192.385714285714,165030.661904762,0.525992485609421,22,"None"
"295",164833,180389,167765,136221,162942,163922,173178,191543,198299,179273,146778,174450,175517,183287,112323,208187,155530,140235,160570,188217,202555,359.075324675325,165860.361904762,0.450295153307041,26,"None"
"296",180389,167765,136221,162942,163922,173178,191543,198299,179273,146778,174450,175517,183287,112323,208187,155530,140235,160570,188217,202555,223610,986.671428571427,161755.70952381,0.215688695591323,42,"None"
"297",167765,136221,162942,163922,173178,191543,198299,179273,146778,174450,175517,183287,112323,208187,155530,140235,160570,188217,202555,223610,232785,1879.31818181818,154431.642857143,0.043053172753608,68,"None"
"298",136221,162942,163922,173178,191543,198299,179273,146778,174450,175517,183287,112323,208187,155530,140235,160570,188217,202555,223610,232785,215546,2299.69220779221,152082.814285714,0.017053286657374,80,"None"
"299",162942,163922,173178,191543,198299,179273,146778,174450,175517,183287,112323,208187,155530,140235,160570,188217,202555,223610,232785,215546,181011,1758.87792207792,160164.628571429,0.0571180853056804,64,"None"
"300",163922,173178,191543,198299,179273,146778,174450,175517,183287,112323,208187,155530,140235,160570,188217,202555,223610,232785,215546,181011,194861,1721.4935064935,162095.80952381,0.0654733584595351,62,"None"
"301",173178,191543,198299,179273,146778,174450,175517,183287,112323,208187,155530,140235,160570,188217,202555,223610,232785,215546,181011,194861,224490,2041.44805194805,161460.5,0.0371976937291238,70,"None"
"302",191543,198299,179273,146778,174450,175517,183287,112323,208187,155530,140235,160570,188217,202555,223610,232785,215546,181011,194861,224490,222535,2389.58181818182,159981.361904762,0.0274979604216283,74,"None"
"303",198299,179273,146778,174450,175517,183287,112323,208187,155530,140235,160570,188217,202555,223610,232785,215546,181011,194861,224490,222535,231516,3052.60909090909,154591.538095238,0.00498016799310635,94,"Positive"
"304",179273,146778,174450,175517,183287,112323,208187,155530,140235,160570,188217,202555,223610,232785,215546,181011,194861,224490,222535,231516,239976,3870.10779220779,147583.671428572,0.000410810491142553,118,"Positive"
"305",146778,174450,175517,183287,112323,208187,155530,140235,160570,188217,202555,223610,232785,215546,181011,194861,224490,222535,231516,239976,217385,4068.29090909091,147218.514285714,0.000326348681185659,120,"Positive"
"306",174450,175517,183287,112323,208187,155530,140235,160570,188217,202555,223610,232785,215546,181011,194861,224490,222535,231516,239976,217385,187804,3368.5948051948,156868.79047619,0.00279438759166356,100,"Positive"
"307",175517,183287,112323,208187,155530,140235,160570,188217,202555,223610,232785,215546,181011,194861,224490,222535,231516,239976,217385,187804,193712,3087.65974025974,160876.314285714,0.0102660035819151,86,"None"
"308",183287,112323,208187,155530,140235,160570,188217,202555,223610,232785,215546,181011,194861,224490,222535,231516,239976,217385,187804,193712,210104,3009.83506493507,163379.385714286,0.0200632459497888,78,"None"
"309",112323,208187,155530,140235,160570,188217,202555,223610,232785,215546,181011,194861,224490,222535,231516,239976,217385,187804,193712,210104,246644,3472.63766233766,161305.557142857,0.00861078679505445,88,"Positive"
"310",208187,155530,140235,160570,188217,202555,223610,232785,215546,181011,194861,224490,222535,231516,239976,217385,187804,193712,210104,246644,239678,2748.91948051948,175330.980952381,0.012198668997238,84,"None"
"311",155530,140235,160570,188217,202555,223610,232785,215546,181011,194861,224490,222535,231516,239976,217385,187804,193712,210104,246644,239678,251935,3388.47272727273,170379.133333333,0.00228925857789761,102,"Positive"
"312",140235,160570,188217,202555,223610,232785,215546,181011,194861,224490,222535,231516,239976,217385,187804,193712,210104,246644,239678,251935,191894,2439.21428571428,182552.595238095,0.0274979604216283,74,"None"
"313",160570,188217,202555,223610,232785,215546,181011,194861,224490,222535,231516,239976,217385,187804,193712,210104,246644,239678,251935,191894,187746,1170.35974025974,198772.423809524,0.263872009473237,38,"None"
"314",188217,202555,223610,232785,215546,181011,194861,224490,222535,231516,239976,217385,187804,193712,210104,246644,239678,251935,191894,187746,199099,277.744155844155,210425.90952381,0.739763807728124,12,"None"
"315",202555,223610,232785,215546,181011,194861,224490,222535,231516,239976,217385,187804,193712,210104,246644,239678,251935,191894,187746,199099,198067,-283.354545454544,217067.042857143,0.785797106178966,-10,"None"
"316",223610,232785,215546,181011,194861,224490,222535,231516,239976,217385,187804,193712,210104,246644,239678,251935,191894,187746,199099,198067,229561,-243.403896103898,217913.585714286,0.879987855827713,-6,"None"
"317",232785,215546,181011,194861,224490,222535,231516,239976,217385,187804,193712,210104,246644,239678,251935,191894,187746,199099,198067,229561,194166,-397.415584415585,218205.619047619,0.739763807728124,-12,"None"
"318",215546,181011,194861,224490,222535,231516,239976,217385,187804,193712,210104,246644,239678,251935,191894,187746,199099,198067,229561,194166,97615,-1636.02597402597,225393.666666667,0.566142727568169,-20,"None"
"319",181011,194861,224490,222535,231516,239976,217385,187804,193712,210104,246644,239678,251935,191894,187746,199099,198067,229561,194166,97615,226303,-1274.08961038961,221924.604761905,0.785797106178966,-10,"None"
"320",194861,224490,222535,231516,239976,217385,187804,193712,210104,246644,239678,251935,191894,187746,199099,198067,229561,194166,97615,226303,155634,-2337.25974025974,232411.047619048,0.174190482700077,-46,"None"
"321",224490,222535,231516,239976,217385,187804,193712,210104,246644,239678,251935,191894,187746,199099,198067,229561,194166,97615,226303,155634,174651,-2922.64155844156,237887.866666667,0.043053172753608,-68,"None"
"322",222535,231516,239976,217385,187804,193712,210104,246644,239678,251935,191894,187746,199099,198067,229561,194166,97615,226303,155634,174651,200191,-2726.81688311689,234576.7,0.0654733584595351,-62,"None"
"323",231516,239976,217385,187804,193712,210104,246644,239678,251935,191894,187746,199099,198067,229561,194166,97615,226303,155634,174651,200191,233634,-2093.03896103896,228133.666666667,0.1941266858781,-44,"None"
"324",239976,217385,187804,193712,210104,246644,239678,251935,191894,187746,199099,198067,229561,194166,97615,226303,155634,174651,200191,233634,235565,-1320.2974025974,219826.319047619,0.525992485609421,-22,"None"
"325",217385,187804,193712,210104,246644,239678,251935,191894,187746,199099,198067,229561,194166,97615,226303,155634,174651,200191,233634,235565,153510,-1497.60649350649,217659.29047619,0.487350390335321,-24,"None"
"326",187804,193712,210104,246644,239678,251935,191894,187746,199099,198067,229561,194166,97615,226303,155634,174651,200191,233634,235565,153510,300416,22.5194805194788,204891.761904762,0.975910003234818,2,"None"
"327",193712,210104,246644,239678,251935,191894,187746,199099,198067,229561,194166,97615,226303,155634,174651,200191,233634,235565,153510,300416,208741,-178.357142857145,208098.404761905,0.879987855827713,-6,"None"
"328",210104,246644,239678,251935,191894,187746,199099,198067,229561,194166,97615,226303,155634,174651,200191,233634,235565,153510,300416,208741,184299,-639.453246753246,212722.223809524,0.450295153307041,-26,"None"
"329",246644,239678,251935,191894,187746,199099,198067,229561,194166,97615,226303,155634,174651,200191,233634,235565,153510,300416,208741,184299,235048,-195.075324675325,209021.876190476,0.739763807728124,-12,"None"
"330",239678,251935,191894,187746,199099,198067,229561,194166,97615,226303,155634,174651,200191,233634,235565,153510,300416,208741,184299,235048,255389,1003.07662337662,196258.633333333,0.525992485609421,22,"None"
"331",251935,191894,187746,199099,198067,229561,194166,97615,226303,155634,174651,200191,233634,235565,153510,300416,208741,184299,235048,255389,278065,2384.85064935065,182887.071428572,0.109501701196475,54,"None"
"332",191894,187746,199099,198067,229561,194166,97615,226303,155634,174651,200191,233634,235565,153510,300416,208741,184299,235048,255389,278065,293247,4089.04025974026,166108.223809524,0.0102660035819151,86,"None"
"333",187746,199099,198067,229561,194166,97615,226303,155634,174651,200191,233634,235565,153510,300416,208741,184299,235048,255389,278065,293247,262657,4484.57662337662,165126.990476191,0.00599746571371211,92,"Positive"
"334",199099,198067,229561,194166,97615,226303,155634,174651,200191,233634,235565,153510,300416,208741,184299,235048,255389,278065,293247,262657,213268,4087.54025974026,170709.723809524,0.0144470758280581,82,"None"
"335",198067,229561,194166,97615,226303,155634,174651,200191,233634,235565,153510,300416,208741,184299,235048,255389,278065,293247,262657,213268,214982,3841.80389610389,174169.157142857,0.0235268491105104,76,"None"
"336",229561,194166,97615,226303,155634,174651,200191,233634,235565,153510,300416,208741,184299,235048,255389,278065,293247,262657,213268,214982,226954,3716.17792207792,176926.614285714,0.0371976937291238,70,"None"
"337",194166,97615,226303,155634,174651,200191,233634,235565,153510,300416,208741,184299,235048,255389,278065,293247,262657,213268,214982,226954,230349,4047.04155844156,173324.638095238,0.0200632459497888,78,"None"
"338",97615,226303,155634,174651,200191,233634,235565,153510,300416,208741,184299,235048,255389,278065,293247,262657,213268,214982,226954,230349,235614,3939.61558441558,176480.038095238,0.0200632459497888,78,"None"
"339",226303,155634,174651,200191,233634,235565,153510,300416,208741,184299,235048,255389,278065,293247,262657,213268,214982,226954,230349,235614,242748,2491.71038961038,199318.090476191,0.043053172753608,68,"None"
"340",155634,174651,200191,233634,235565,153510,300416,208741,184299,235048,255389,278065,293247,262657,213268,214982,226954,230349,235614,242748,201639,2159.83766233766,201794.214285714,0.109501701196475,54,"None"
"341",174651,200191,233634,235565,153510,300416,208741,184299,235048,255389,278065,293247,262657,213268,214982,226954,230349,235614,242748,201639,177793,540.750649350648,220659.361904762,0.566142727568169,20,"None"
"342",200191,233634,235565,153510,300416,208741,184299,235048,255389,278065,293247,262657,213268,214982,226954,230349,235614,242748,201639,177793,143391,-1282.22207792208,239223.49047619,0.607708140108105,-18,"None"
"343",233634,235565,153510,300416,208741,184299,235048,255389,278065,293247,262657,213268,214982,226954,230349,235614,242748,201639,177793,143391,176738,-2266.66233766234,248935.523809524,0.174190482700077,-46,"None"
"344",235565,153510,300416,208741,184299,235048,255389,278065,293247,262657,213268,214982,226954,230349,235614,242748,201639,177793,143391,176738,183204,-2658.91298701299,250848.852380952,0.0967474505928423,-56,"None"
"345",153510,300416,208741,184299,235048,255389,278065,293247,262657,213268,214982,226954,230349,235614,242748,201639,177793,143391,176738,183204,193750,-2821.12337662338,250641.976190476,0.0852100829937604,-58,"None"
"346",300416,208741,184299,235048,255389,278065,293247,262657,213268,214982,226954,230349,235614,242748,201639,177793,143391,176738,183204,193750,190677,-4141.15194805195,266932.147619048,0.0102660035819151,-86,"None"
"347",208741,184299,235048,255389,278065,293247,262657,213268,214982,226954,230349,235614,242748,201639,177793,143391,176738,183204,193750,190677,170622,-3671.24675324675,255582.523809524,0.012198668997238,-84,"None"
"348",184299,235048,255389,278065,293247,262657,213268,214982,226954,230349,235614,242748,201639,177793,143391,176738,183204,193750,190677,170622,131031,-4856.58961038961,264920.819047619,0.00152084242070237,-106,"Negative"
"349",235048,255389,278065,293247,262657,213268,214982,226954,230349,235614,242748,201639,177793,143391,176738,183204,193750,190677,170622,131031,151969,-6018.25974025974,276159.666666667,9.80356113694254e-05,-130,"Negative"
"350",255389,278065,293247,262657,213268,214982,226954,230349,235614,242748,201639,177793,143391,176738,183204,193750,190677,170622,131031,151969,147570,-6470.08701298701,276964.147619048,3.51909335945019e-05,-138,"Negative"
"351",278065,293247,262657,213268,214982,226954,230349,235614,242748,201639,177793,143391,176738,183204,193750,190677,170622,131031,151969,147570,153239,-6444.0974025974,271813.976190476,4.57020556458197e-05,-136,"Negative"
"352",293247,262657,213268,214982,226954,230349,235614,242748,201639,177793,143391,176738,183204,193750,190677,170622,131031,151969,147570,153239,169260,-5753.43766233766,259035.528571429,0.000125559643273859,-128,"Negative"
"353",262657,213268,214982,226954,230349,235614,242748,201639,177793,143391,176738,183204,193750,190677,170622,131031,151969,147570,153239,169260,166494,-4740.50909090909,241857.457142857,0.000410810491142553,-118,"Negative"
"354",213268,214982,226954,230349,235614,242748,201639,177793,143391,176738,183204,193750,190677,170622,131031,151969,147570,153239,169260,166494,142322,-4313.88831168831,231434.390476191,0.000515354543994406,-116,"Negative"
"355",214982,226954,230349,235614,242748,201639,177793,143391,176738,183204,193750,190677,170622,131031,151969,147570,153239,169260,166494,142322,112019,-4830.09090909091,232291.238095238,0.000160254800835494,-126,"Negative"
"356",226954,230349,235614,242748,201639,177793,143391,176738,183204,193750,190677,170622,131031,151969,147570,153239,169260,166494,142322,112019,135173,-4889.61428571429,229145.566666667,9.80356113694254e-05,-130,"Negative"
"357",230349,235614,242748,201639,177793,143391,176738,183204,193750,190677,170622,131031,151969,147570,153239,169260,166494,142322,112019,135173,115333,-4932.12337662338,224297.880952381,5.91464171482653e-05,-134,"Negative"
"358",235614,242748,201639,177793,143391,176738,183204,193750,190677,170622,131031,151969,147570,153239,169260,166494,142322,112019,135173,115333,121611,-4699.63766233766,216562.538095238,5.91464171482653e-05,-134,"Negative"
"359",242748,201639,177793,143391,176738,183204,193750,190677,170622,131031,151969,147570,153239,169260,166494,142322,112019,135173,115333,121611,123924,-4220.68051948052,205975.438095238,9.80356113694254e-05,-130,"Negative"
"360",201639,177793,143391,176738,183204,193750,190677,170622,131031,151969,147570,153239,169260,166494,142322,112019,135173,115333,121611,123924,134362,-3359.1987012987,191337.9,0.000326348681185659,-120,"Negative"
"361",177793,143391,176738,183204,193750,190677,170622,131031,151969,147570,153239,169260,166494,142322,112019,135173,115333,121611,123924,134362,103987,-3338.70779220779,186462.404761905,0.000326348681185659,-120,"Negative"
"362",143391,176738,183204,193750,190677,170622,131031,151969,147570,153239,169260,166494,142322,112019,135173,115333,121611,123924,134362,103987,89659,-3718.13116883117,186439.204761905,0.000160254800835494,-126,"Negative"
"363",176738,183204,193750,190677,170622,131031,151969,147570,153239,169260,166494,142322,112019,135173,115333,121611,123924,134362,103987,89659,90343,-4465.66883116883,192136.023809524,1.5733546133967e-05,-144,"Negative"
"364",183204,193750,190677,170622,131031,151969,147570,153239,169260,166494,142322,112019,135173,115333,121611,123924,134362,103987,89659,90343,95620,-4599.3948051948,189744.247619048,1.19469504175582e-05,-146,"Negative"
"365",193750,190677,170622,131031,151969,147570,153239,169260,166494,142322,112019,135173,115333,121611,123924,134362,103987,89659,90343,95620,95139,-4541.64805194805,184915.461904762,1.19469504175582e-05,-146,"Negative"
"366",190677,170622,131031,151969,147570,153239,169260,166494,142322,112019,135173,115333,121611,123924,134362,103987,89659,90343,95620,95139,105697,-4081.75714285714,175663.661904762,4.57020556458197e-05,-136,"Negative"
"367",170622,131031,151969,147570,153239,169260,166494,142322,112019,135173,115333,121611,123924,134362,103987,89659,90343,95620,95139,105697,99609,-3630.47662337662,166363.004761905,0.000125559643273859,-128,"Negative"
"368",131031,151969,147570,153239,169260,166494,142322,112019,135173,115333,121611,123924,134362,103987,89659,90343,95620,95139,105697,99609,87119,-3509.63376623376,161057.4,0.000125559643273859,-128,"Negative"
"369",151969,147570,153239,169260,166494,142322,112019,135173,115333,121611,123924,134362,103987,89659,90343,95620,95139,105697,99609,87119,65020,-4132.93116883117,164770.29047619,1.5733546133967e-05,-144,"Negative"
"370",147570,153239,169260,166494,142322,112019,135173,115333,121611,123924,134362,103987,89659,90343,95620,95139,105697,99609,87119,65020,54194,-4511.98311688311,164283.909523809,6.81643156548638e-06,-150,"Negative"
"371",153239,169260,166494,142322,112019,135173,115333,121611,123924,134362,103987,89659,90343,95620,95139,105697,99609,87119,65020,54194,62724,-4716.11818181818,162489.109523809,3.83501379362203e-06,-154,"Negative"
"372",169260,166494,142322,112019,135173,115333,121611,123924,134362,103987,89659,90343,95620,95139,105697,99609,87119,65020,54194,62724,70104,-4633.23376623377,157618.571428571,5.12181550720252e-06,-152,"Negative"
"373",166494,142322,112019,135173,115333,121611,123924,134362,103987,89659,90343,95620,95139,105697,99609,87119,65020,54194,62724,70104,69556,-4220.62727272727,148332.090476191,1.19469504175582e-05,-146,"Negative"
"374",142322,112019,135173,115333,121611,123924,134362,103987,89659,90343,95620,95139,105697,99609,87119,65020,54194,62724,70104,69556,79595,-3587.67272727273,137231.542857143,4.57020556458197e-05,-136,"Negative"
"375",112019,135173,115333,121611,123924,134362,103987,89659,90343,95620,95139,105697,99609,87119,65020,54194,62724,70104,69556,79595,71514,-3292.12467532468,130608.704761905,0.000160254800835494,-126,"Negative"
"376",135173,115333,121611,123924,134362,103987,89659,90343,95620,95139,105697,99609,87119,65020,54194,62724,70104,69556,79595,71514,57051,-3525.34935064935,130556.652380952,5.91464171482653e-05,-134,"Negative"
"377",115333,121611,123924,134362,103987,89659,90343,95620,95139,105697,99609,87119,65020,54194,62724,70104,69556,79595,71514,57051,56223,-3367.16883116883,125057.142857143,7.62799811569994e-05,-132,"Negative"
"378",121611,123924,134362,103987,89659,90343,95620,95139,105697,99609,87119,65020,54194,62724,70104,69556,79595,71514,57051,56223,72255,-3181.67662337662,120965.395238095,0.000258359804977547,-122,"Negative"
"379",123924,134362,103987,89659,90343,95620,95139,105697,99609,87119,65020,54194,62724,70104,69556,79595,71514,57051,56223,72255,74700,-2818.8,114739.895238095,0.00123327446599254,-108,"Negative"
"380",134362,103987,89659,90343,95620,95139,105697,99609,87119,65020,54194,62724,70104,69556,79595,71514,57051,56223,72255,74700,77495,-2325.65844155844,107104.433333333,0.00719834839155333,-90,"Negative"
"381",103987,89659,90343,95620,95139,105697,99609,87119,65020,54194,62724,70104,69556,79595,71514,57051,56223,72255,74700,77495,76929,-1630.45584415584,96722.3,0.0371976937291238,-70,"None"
"382",89659,90343,95620,95139,105697,99609,87119,65020,54194,62724,70104,69556,79595,71514,57051,56223,72255,74700,77495,76929,64393,-1457.3987012987,92933.2428571429,0.0571180853056804,-64,"None"
"383",90343,95620,95139,105697,99609,87119,65020,54194,62724,70104,69556,79595,71514,57051,56223,72255,74700,77495,76929,64393,51239,-1608.43766233766,92765.1476190476,0.0274979604216283,-74,"None"
"384",95620,95139,105697,99609,87119,65020,54194,62724,70104,69556,79595,71514,57051,56223,72255,74700,77495,76929,64393,51239,58912,-1600.15974025974,91177.3761904762,0.0274979604216283,-74,"None"
"385",95139,105697,99609,87119,65020,54194,62724,70104,69556,79595,71514,57051,56223,72255,74700,77495,76929,64393,51239,58912,57041,-1499.97532467532,88238.2523809524,0.0320343717059257,-72,"None"
"386",105697,99609,87119,65020,54194,62724,70104,69556,79595,71514,57051,56223,72255,74700,77495,76929,64393,51239,58912,57041,67194,-1224.7025974026,83879.5380952381,0.0852100829937604,-58,"None"
"387",99609,87119,65020,54194,62724,70104,69556,79595,71514,57051,56223,72255,74700,77495,76929,64393,51239,58912,57041,67194,67998,-751.867532467532,76883.1619047619,0.263872009473237,-38,"None"
"388",87119,65020,54194,62724,70104,69556,79595,71514,57051,56223,72255,74700,77495,76929,64393,51239,58912,57041,67194,67998,66403,-337.758441558441,70746.7238095238,0.566142727568169,-20,"None"
"389",65020,54194,62724,70104,69556,79595,71514,57051,56223,72255,74700,77495,76929,64393,51239,58912,57041,67194,67998,66403,58195,-165.55064935065,67475.1047619048,0.785797106178966,-10,"None"
"390",54194,62724,70104,69556,79595,71514,57051,56223,72255,74700,77495,76929,64393,51239,58912,57041,67194,67998,66403,58195,40966,-495.232467532467,69956.1761904762,0.349219342794742,-32,"None"
"391",62724,70104,69556,79595,71514,57051,56223,72255,74700,77495,76929,64393,51239,58912,57041,67194,67998,66403,58195,40966,45014,-895.761038961039,73924.8476190476,0.0496694253231422,-66,"None"
"392",70104,69556,79595,71514,57051,56223,72255,74700,77495,76929,64393,51239,58912,57041,67194,67998,66403,58195,40966,45014,57695,-997.822077922077,74808.0428571428,0.0200632459497888,-78,"None"
"393",69556,79595,71514,57051,56223,72255,74700,77495,76929,64393,51239,58912,57041,67194,67998,66403,58195,40966,45014,57695,57939,-984.754545454545,74085.0142857143,0.0235268491105104,-76,"None"
"394",79595,71514,57051,56223,72255,74700,77495,76929,64393,51239,58912,57041,67194,67998,66403,58195,40966,45014,57695,57939,62404,-905.729870129869,72875.1714285714,0.043053172753608,-68,"None"
"395",71514,57051,56223,72255,74700,77495,76929,64393,51239,58912,57041,67194,67998,66403,58195,40966,45014,57695,57939,62404,61204,-689.587012987012,69621.8380952381,0.155824587862033,-48,"None"
"396",57051,56223,72255,74700,77495,76929,64393,51239,58912,57041,67194,67998,66403,58195,40966,45014,57695,57939,62404,61204,53215,-668.755844155844,68521.3142857143,0.138966893956733,-50,"None"
"397",56223,72255,74700,77495,76929,64393,51239,58912,57041,67194,67998,66403,58195,40966,45014,57695,57939,62404,61204,53215,38222,-1025.48831168831,71548.7523809524,0.0200632459497888,-78,"None"
"398",72255,74700,77495,76929,64393,51239,58912,57041,67194,67998,66403,58195,40966,45014,57695,57939,62404,61204,53215,38222,56649,-1130.28441558442,72721.7952380952,0.00339943459158102,-98,"Negative"
"399",74700,77495,76929,64393,51239,58912,57041,67194,67998,66403,58195,40966,45014,57695,57939,62404,61204,53215,38222,56649,53811,-1043.46233766234,70888.4666666667,0.00498016799310635,-94,"Negative"
"400",77495,76929,64393,51239,58912,57041,67194,67998,66403,58195,40966,45014,57695,57939,62404,61204,53215,38222,56649,53811,58971,-830.745454545455,67799.580952381,0.0274979604216283,-74,"None"
"401",76929,64393,51239,58912,57041,67194,67998,66403,58195,40966,45014,57695,57939,62404,61204,53215,38222,56649,53811,58971,60381,-539.36103896104,63779.4,0.155824587862033,-48,"None"
